Student_ID,CGPA,IQ,Communication_Skills,Aptitude_Score,Technical_Skills,Internship,Projects,Backlogs,Attendance,Placement
1035,9.73,81,8,54,6,Yes,0,4,97,No
251,5.72,107,10,63,2,No,5,4,90,No
2579,9.48,80,5,91,5,Yes,3,4,87,No
3526,7.76,118,7,98,9,No,5,1,94,Yes
3534,6.4,134,3,97,6,No,0,1,90,No
354,9.5,98,8,87,3,Yes,2,1,100,Yes
3741,5.21,124,7,99,7,No,5,2,96,No
3931,6.31,145,7,99,7,Yes,6,3,64,Yes
4234,6.47,111,8,47,8,Yes,3,4,81,No
2321,8.83,106,7,71,4,Yes,2,4,86,No
4268,7.34,132,10,65,4,No,1,3,62,No
299,9.22,91,9,72,6,No,2,3,91,Yes
4092,5.87,82,6,45,5,No,4,4,63,No
2493,5.63,80,4,70,7,Yes,0,3,99,No
2915,5.58,110,4,70,10,Yes,4,0,62,Yes
4280,7.82,135,5,99,7,No,4,1,85,No
3530,6.94,120,6,72,2,Yes,5,2,63,No
200,5.25,104,8,75,6,Yes,4,3,95,No
3777,9.75,80,5,47,5,Yes,2,3,99,Yes
2903,7.77,103,5,89,3,No,1,3,63,No
1196,9.52,117,6,73,6,Yes,4,4,66,Yes
15,8.66,144,4,95,6,No,4,4,72,No
130,8.99,91,9,46,7,No,4,0,97,Yes
4779,8.29,118,10,66,6,No,0,4,77,Yes
2907,7.52,112,10,97,6,No,3,4,98,No
3608,8.49,124,8,87,10,No,5,2,96,Yes
1788,8.87,120,8,99,3,Yes,1,2,85,Yes
1919,8.86,130,5,58,2,No,3,5,100,No
312,6.42,86,6,71,8,Yes,3,5,98,No
4349,6.23,84,8,44,7,Yes,3,1,61,No
168,7.95,110,9,51,3,No,2,0,93,Yes
404,7.01,93,4,58,3,No,3,1,98,No
3303,5.94,138,9,83,3,Yes,4,5,96,Yes
749,8.82,118,7,67,10,Yes,3,3,76,Yes
4143,9.78,97,9,46,7,No,5,4,61,No
4826,8.34,80,9,87,5,No,2,1,75,Yes
2663,6.28,86,8,55,8,No,5,5,90,No
983,8.9,82,9,75,10,No,4,3,64,Yes
984,7.81,95,6,82,3,Yes,4,5,71,No
693,8.28,96,10,62,8,Yes,5,0,78,Yes
412,9.05,93,9,98,9,No,5,3,71,Yes
1978,9.31,129,9,57,3,Yes,5,3,83,Yes
1381,9.19,121,10,58,7,No,5,0,96,No
3412,9.54,126,6,53,9,Yes,6,1,80,Yes
2540,7.09,118,9,77,5,Yes,3,0,95,Yes
4945,8.93,133,7,41,6,Yes,2,2,96,Yes
1066,5.45,119,3,62,6,No,4,1,80,Yes
4640,9.45,125,4,60,3,Yes,3,0,87,Yes
3359,9.17,134,8,78,9,No,2,1,82,Yes
4555,9.13,130,9,48,7,Yes,0,0,72,Yes
78,5.31,142,4,76,2,Yes,6,4,79,No
3304,7.82,109,3,83,9,Yes,0,5,67,Yes
273,8.49,106,10,91,6,No,0,3,91,No
888,7.57,99,8,55,2,No,2,1,92,Yes
101,6.52,142,3,79,3,Yes,5,2,74,Yes
2716,5.2,139,6,41,4,No,0,0,61,No
1641,5.68,105,4,79,8,Yes,1,0,62,No
1948,7.28,130,10,85,9,No,1,1,65,Yes
3821,9.58,95,4,97,4,Yes,2,4,87,Yes
3409,7.85,106,3,45,4,No,0,1,75,No
758,7.74,144,4,73,10,Yes,0,1,98,Yes
1870,9.45,124,3,45,6,Yes,2,5,92,No
3670,6.98,126,8,90,7,No,6,1,83,Yes
2103,5.44,128,6,77,7,No,3,2,71,No
4590,6.82,125,4,47,4,No,2,3,76,No
2573,6.9,95,3,93,10,Yes,1,3,65,No
4713,8.44,98,7,62,9,No,3,5,78,Yes
1318,9.27,127,7,67,7,No,6,0,94,Yes
2362,7.03,139,10,49,2,Yes,3,0,61,Yes
3188,5.54,117,10,49,5,No,2,3,78,No
582,9.5,97,9,66,7,No,1,3,97,Yes
772,7.06,113,5,45,7,Yes,4,0,60,Yes
4751,7.01,130,8,87,9,No,5,1,97,Yes
3685,6.11,130,9,96,2,No,4,5,75,Yes
4001,6.44,86,6,84,5,No,4,1,94,No
3964,9.28,111,6,91,4,No,1,3,63,Yes
3956,6.84,121,6,83,10,Yes,2,0,75,Yes
2061,8.41,128,7,54,5,No,6,1,68,Yes
1208,7.78,90,7,97,10,Yes,0,3,71,Yes
1618,5.31,82,9,76,7,Yes,0,3,87,No
521,6.06,90,9,80,5,No,6,4,77,No
789,7.63,128,4,65,6,Yes,6,3,65,No
2965,9.16,139,10,96,8,Yes,3,1,84,Yes
3600,8.44,100,5,47,4,No,5,4,68,No
3592,5.22,106,7,54,6,Yes,4,3,83,Yes
2164,7.84,120,9,54,8,Yes,5,5,69,Yes
1472,8.31,89,4,47,4,No,3,0,71,No
105,5.05,139,7,83,10,Yes,3,2,97,Yes
403,8.29,81,7,66,3,No,2,4,98,No
4098,9.72,119,8,61,2,No,1,3,76,No
4133,5.14,106,9,67,8,Yes,3,5,99,No
4796,9.74,107,7,89,3,No,6,2,88,Yes
1758,8.47,90,10,88,7,No,0,3,92,Yes
4784,7.51,80,4,47,7,No,2,3,85,No
3781,5.37,136,8,46,8,Yes,1,0,76,Yes
2244,7.04,134,6,54,7,Yes,6,5,80,Yes
3384,6.15,87,10,41,8,Yes,2,4,61,Yes
2518,8.49,87,5,98,5,Yes,6,0,78,Yes
988,7.77,120,8,78,10,No,5,0,62,Yes
2545,5.89,97,8,55,4,No,6,3,84,No
914,7.58,88,6,98,9,Yes,6,4,67,Yes
3182,9.48,85,3,46,2,Yes,2,3,66,Yes
3919,9.1,122,10,91,10,Yes,5,4,62,Yes
3459,8.72,108,9,91,9,No,5,1,66,Yes
4062,7.79,93,4,97,4,Yes,1,5,72,No
2368,5.65,137,9,83,5,Yes,0,5,73,Yes
4718,7.43,140,3,98,4,Yes,4,0,60,Yes
1737,5.72,125,8,64,3,No,4,5,78,No
2439,7.35,132,4,58,5,No,4,2,77,No
4382,8.63,140,8,63,9,No,5,4,74,Yes
1830,9.57,142,7,64,10,Yes,4,2,91,Yes
2668,7.79,127,5,58,9,No,2,3,87,Yes
2633,7.88,128,9,66,8,No,0,1,80,Yes
1142,5.82,81,8,70,2,No,1,3,67,No
2953,7.76,121,3,96,6,Yes,0,5,81,Yes
4943,9.08,132,4,65,5,No,6,4,85,Yes
34,8.56,99,7,58,5,No,1,5,100,Yes
202,5.96,145,9,72,2,Yes,1,5,81,No
2069,7.86,121,8,76,8,Yes,6,3,71,Yes
2257,6.55,106,8,74,6,Yes,2,0,83,Yes
3571,9.22,137,5,46,7,No,0,2,69,No
3807,7.05,82,10,96,2,Yes,5,1,82,Yes
3557,6.22,132,3,96,10,No,5,4,91,Yes
2541,9.23,143,7,80,10,No,4,0,83,Yes
2793,5.6,127,7,67,3,No,0,4,89,No
3372,7.96,143,5,40,7,No,2,4,70,No
1059,5.75,84,5,72,4,Yes,6,3,89,No
2274,5.85,90,10,93,6,No,1,2,60,No
522,8.57,114,9,52,3,Yes,2,0,100,No
1880,6.03,124,5,89,9,No,6,0,74,Yes
973,8.72,142,9,59,4,No,4,3,81,Yes
3215,7.73,95,4,92,4,No,6,3,98,No
3268,7.57,80,5,79,7,Yes,4,4,96,Yes
2596,9.71,91,10,74,10,Yes,6,1,84,Yes
3139,5.65,142,4,57,10,Yes,5,0,99,Yes
2392,8.19,93,5,78,2,Yes,6,0,83,Yes
2331,7.62,90,5,69,5,Yes,5,3,74,No
3055,9.64,142,7,46,8,No,5,2,89,Yes
2349,8.79,129,9,75,7,No,2,3,90,No
1171,7.2,81,5,62,10,No,4,1,82,Yes
2280,5.12,139,6,79,9,Yes,6,0,88,Yes
1310,5.01,130,4,81,5,Yes,1,0,73,No
1712,6.64,141,6,51,3,No,5,3,76,Yes
1291,9.53,119,6,87,4,Yes,3,5,78,No
1471,9.04,104,10,56,2,No,3,0,88,Yes
1421,6.11,136,7,92,3,No,4,3,69,No
4150,7.55,85,10,48,2,No,0,1,100,Yes
773,7.09,138,10,47,5,No,1,2,78,Yes
3648,8.64,131,8,47,2,No,2,0,91,No
3736,9.19,101,6,95,5,No,5,4,90,No
4374,7.27,133,3,79,9,No,5,4,87,No
132,6.69,144,6,49,9,Yes,0,2,95,Yes
210,5.92,111,7,75,6,Yes,2,2,73,Yes
3753,7.38,93,9,69,6,No,5,4,86,Yes
2047,5.61,93,6,63,5,Yes,6,1,92,No
1275,7.95,98,5,70,2,Yes,0,1,92,Yes
2351,5.26,94,9,97,6,No,3,0,60,Yes
3120,5.63,123,10,74,8,Yes,1,4,79,No
436,7.62,105,6,58,9,Yes,5,0,71,Yes
3330,6.97,83,5,84,5,Yes,3,5,69,Yes
3037,6.16,131,9,87,9,Yes,2,2,76,Yes
1281,5.94,119,8,46,7,No,4,0,98,Yes
3552,8.41,109,6,52,2,Yes,2,4,92,No
1324,8.56,90,9,47,5,No,2,4,92,No
1306,9.06,127,3,70,4,Yes,3,4,85,Yes
4562,6.36,144,5,56,6,Yes,5,4,74,No
3879,5.28,109,7,55,10,No,2,2,69,No
489,5.96,81,4,98,3,No,5,4,97,No
777,8.4,112,4,46,10,Yes,2,1,90,Yes
2758,5.88,136,6,95,7,Yes,1,3,71,Yes
803,8.11,110,9,93,10,Yes,2,3,69,Yes
1258,5.08,143,9,100,7,No,5,0,88,Yes
4716,9.31,89,3,42,9,No,2,1,99,Yes
2064,5.13,114,8,95,9,No,3,5,96,No
152,6.75,116,9,66,7,No,0,5,81,No
793,5.45,145,8,69,5,No,5,1,91,Yes
3377,5.87,137,9,79,10,No,4,3,97,Yes
4988,9.49,87,10,58,3,No,3,3,77,No
3802,6.4,86,3,55,5,No,6,2,64,No
2574,5.64,92,9,60,7,No,5,3,92,No
4860,8.88,85,8,52,2,No,3,1,60,Yes
4884,6.1,109,7,76,3,No,3,2,91,No
938,8.65,141,3,88,8,Yes,0,2,98,Yes
899,5.06,145,5,95,8,Yes,5,5,73,No
2247,7.56,140,7,48,7,Yes,1,5,87,No
379,6.32,139,9,80,3,No,1,2,91,Yes
4373,9.74,86,8,50,3,No,0,2,100,No
1961,9.42,93,4,85,8,Yes,4,2,92,Yes
1823,9.17,129,9,86,7,No,4,0,61,Yes
2521,9.69,97,9,44,10,Yes,1,2,91,Yes
744,5.09,121,3,69,8,No,3,2,61,No
4794,8.25,133,5,88,5,No,5,0,86,Yes
3874,6.75,106,10,69,5,No,6,4,82,Yes
3436,5.13,143,4,56,10,No,3,2,63,Yes
4758,7.9,108,9,94,9,Yes,4,0,77,Yes
1192,7.1,87,6,54,3,No,1,3,94,No
4558,5.52,82,10,95,3,No,2,0,100,No
1135,6.91,135,8,43,9,Yes,0,0,84,Yes
3847,5.1,119,10,88,3,No,6,1,78,Yes
1182,9.32,97,4,68,8,No,6,0,96,Yes
4498,5.16,121,7,46,3,No,1,3,66,No
2699,9.21,89,6,45,7,Yes,0,3,98,Yes
4719,6.75,91,8,89,10,No,1,2,82,Yes
428,9.25,145,7,93,10,No,5,5,95,Yes
51,6.17,80,4,89,8,Yes,6,5,93,No
4290,7.6,81,8,94,10,Yes,0,2,61,Yes
3702,8.24,88,6,72,8,No,2,5,93,Yes
2830,6.56,103,3,69,6,No,1,2,96,No
2613,9.34,125,5,81,3,No,4,4,74,Yes
4204,5.39,91,9,91,5,Yes,5,5,74,Yes
4320,5.17,128,6,73,5,No,3,5,94,No
3294,7.09,103,10,68,10,No,1,3,62,No
52,7.68,95,10,48,9,No,4,4,80,Yes
2947,7.64,138,6,99,6,No,5,5,99,Yes
4012,5.64,98,5,97,2,No,0,0,99,No
2862,6.5,108,10,84,2,No,3,1,90,No
25,9.11,92,3,81,10,No,0,1,70,Yes
2225,7.54,133,4,95,3,No,1,5,93,Yes
3477,9.15,139,3,83,10,No,2,0,60,Yes
4181,5.23,94,8,100,3,No,0,0,80,No
3910,8.1,135,10,81,4,No,2,0,92,Yes
2389,6.59,101,10,95,4,No,2,2,73,Yes
2353,8.37,94,6,76,4,Yes,6,2,92,Yes
3742,9.04,139,3,82,9,No,3,2,60,Yes
1713,6.31,105,9,82,7,Yes,3,4,72,Yes
3228,6.42,92,5,60,5,Yes,3,2,61,No
3578,7.72,90,4,81,2,No,6,5,96,No
3442,5.04,83,10,95,3,Yes,0,4,86,No
3984,9.41,127,6,69,4,Yes,3,3,62,Yes
614,6.49,139,10,54,5,Yes,4,2,83,Yes
1103,6.18,128,7,82,2,Yes,1,5,61,No
941,6.8,131,9,100,8,No,2,3,91,Yes
3831,5.59,123,8,61,9,No,1,0,90,Yes
3438,5.13,105,10,81,10,No,0,5,63,No
3123,7.78,81,7,50,7,Yes,2,1,93,Yes
1213,8.27,89,9,96,6,Yes,2,4,83,Yes
3070,6.94,108,8,70,8,Yes,6,0,77,Yes
3110,7.21,145,10,49,4,Yes,4,1,78,No
4029,5.14,118,3,65,7,Yes,5,3,100,Yes
11,6.18,113,9,97,8,Yes,1,4,91,No
2632,8.6,129,5,47,10,No,3,3,88,Yes
1725,5.76,128,3,50,7,Yes,1,5,86,No
2252,7.61,135,4,63,6,No,1,0,81,Yes
711,8.14,116,9,51,9,No,5,1,61,Yes
1078,6.67,139,10,46,3,Yes,0,3,87,No
771,5.11,109,4,69,5,Yes,6,1,63,No
691,7.2,90,9,97,4,Yes,0,0,70,Yes
4162,8.4,119,10,58,5,No,6,4,74,Yes
466,6.26,102,9,81,8,Yes,5,0,93,Yes
4427,8.8,119,10,57,7,Yes,0,5,96,Yes
1659,8.34,137,8,100,10,Yes,5,5,85,Yes
2174,5.86,104,5,41,6,No,0,2,70,No
3732,6.06,116,9,89,7,No,1,3,72,Yes
2477,9.31,98,4,62,9,No,1,4,83,No
1666,7.34,122,5,42,4,Yes,4,3,77,Yes
4693,7.08,83,4,60,6,Yes,4,1,88,Yes
619,6.13,89,10,47,9,Yes,0,3,71,No
2634,9.39,115,5,91,2,Yes,6,1,68,Yes
331,5.36,87,9,82,4,Yes,2,2,85,Yes
433,7.6,125,10,46,10,No,5,5,95,Yes
3346,7.87,145,5,97,8,No,0,5,84,No
3466,6.86,122,7,48,3,No,6,5,90,Yes
4641,5.73,131,8,74,8,No,5,1,84,No
4801,5.74,101,5,40,10,No,5,1,77,Yes
3843,5.36,125,6,69,10,No,1,0,82,No
2284,9.7,108,7,58,4,Yes,1,0,85,Yes
220,7.2,112,5,40,7,No,4,5,72,No
1342,9.02,100,6,69,3,Yes,0,5,86,Yes
2772,9.41,96,9,92,6,No,6,4,73,No
4922,5.09,133,6,100,6,No,2,2,66,No
97,8.72,85,8,87,9,No,6,3,84,Yes
2183,8.23,106,6,92,9,Yes,5,0,92,Yes
2168,5.45,102,4,63,6,No,0,5,83,No
3761,8.31,86,5,78,6,No,3,2,90,Yes
3088,6.43,122,9,56,8,No,0,4,99,No
4011,6.5,143,7,67,3,Yes,5,0,95,Yes
2777,6.8,80,4,46,7,Yes,0,3,82,No
2291,9.22,145,9,48,5,No,0,0,92,Yes
2764,6.11,120,3,79,9,No,1,2,77,Yes
27,8.34,142,5,52,6,Yes,0,4,94,No
149,9.15,91,9,69,10,No,5,0,88,Yes
923,8.99,101,5,42,8,No,6,2,80,Yes
4129,7.51,136,7,95,8,Yes,6,2,68,Yes
1237,6.57,144,8,57,9,No,4,5,64,Yes
1892,5.52,123,3,69,3,Yes,0,3,88,No
649,9.78,113,7,51,9,Yes,1,4,85,Yes
2637,8.91,95,7,58,2,No,1,1,82,No
2234,6.12,123,5,46,3,No,3,5,93,No
1685,5.02,125,3,82,7,No,3,5,60,No
4877,8.74,145,8,77,4,Yes,1,3,100,Yes
3996,7.27,87,7,69,4,Yes,5,5,75,No
4613,6.3,123,3,93,6,No,0,0,95,Yes
116,5.56,85,3,59,9,Yes,1,4,68,No
4662,7.93,118,4,48,7,No,6,0,96,Yes
323,6.75,99,5,99,2,No,5,5,86,No
184,9.45,102,8,72,5,Yes,1,1,75,Yes
1043,7.31,136,5,59,7,No,1,0,94,Yes
1882,9.44,107,3,56,3,No,6,1,61,No
841,8.7,119,4,81,10,Yes,4,4,96,Yes
3030,7.97,134,7,61,5,Yes,3,2,80,No
4361,8.32,121,10,82,2,No,3,1,60,Yes
1633,6.45,111,5,41,5,No,2,3,85,No
174,8.84,135,9,87,9,No,3,2,71,Yes
1739,8.96,116,3,60,8,No,4,3,89,No
2631,6.39,110,6,89,2,No,3,5,82,No
4068,9.05,134,4,85,7,No,1,4,80,Yes
2123,6.08,122,9,48,9,No,1,4,94,No
3718,7.3,126,4,54,2,Yes,0,4,69,No
2853,7.83,114,8,82,2,Yes,0,0,86,No
4701,6.48,119,6,42,2,Yes,4,2,85,No
1866,7.43,136,8,83,5,No,5,5,83,Yes
3121,7.43,111,10,85,2,Yes,3,2,76,Yes
1594,8.75,83,6,82,7,Yes,4,1,68,Yes
3060,9.79,136,4,56,9,No,3,5,75,Yes
4840,9.25,100,5,83,10,No,2,1,98,Yes
1084,6.68,133,10,70,10,No,1,5,87,No
3049,8.81,106,7,54,8,No,5,3,66,Yes
4964,6.66,120,7,66,7,Yes,0,3,99,No
1836,6.28,99,4,58,3,Yes,2,1,89,No
4445,9.25,100,9,66,10,Yes,6,4,60,Yes
3481,9.03,143,10,40,2,No,4,0,100,Yes
3675,6.36,119,9,69,6,No,6,0,87,Yes
2653,5.89,144,9,95,7,No,5,2,61,Yes
3737,8.08,127,9,73,3,No,4,3,83,No
2148,7.12,140,5,61,10,No,0,1,69,No
710,6.46,139,6,41,2,Yes,2,5,100,No
3625,7.4,141,7,93,5,No,1,3,77,No
163,9.25,83,9,43,8,No,1,3,65,Yes
4100,8.58,118,7,92,10,No,1,0,86,Yes
542,9.01,89,6,73,3,Yes,1,4,84,No
361,8.5,113,7,59,5,Yes,3,4,95,Yes
38,6.75,85,8,53,5,No,2,4,86,Yes
2590,8.19,140,7,74,8,No,4,2,67,Yes
2967,7.38,127,7,83,6,No,2,4,81,No
2489,9.33,140,5,42,10,Yes,2,5,84,Yes
3665,5.89,126,8,81,9,No,6,4,93,Yes
266,9.15,81,7,66,8,No,5,4,75,Yes
2846,7.47,114,6,90,6,No,6,1,82,Yes
4042,6.37,116,7,48,9,Yes,4,1,80,Yes
4643,5.85,115,8,42,10,No,0,3,99,No
99,7.11,138,3,86,4,Yes,5,1,64,Yes
2172,8.54,129,9,58,8,No,6,5,67,Yes
1629,7.54,142,9,75,10,No,4,3,93,Yes
2537,5.3,96,5,56,6,Yes,1,4,80,No
4396,8.7,136,5,57,7,No,5,4,95,Yes
1120,6.13,82,7,41,2,No,2,1,85,No
4087,5.1,87,8,49,2,Yes,1,1,76,No
3112,6.67,133,3,93,8,Yes,4,5,98,No
1463,7.32,129,7,71,6,No,5,0,93,Yes
4864,6.33,135,4,96,6,Yes,3,3,90,No
3374,6.23,115,10,59,8,Yes,1,4,75,Yes
3544,7.36,141,3,74,2,No,4,1,98,Yes
2643,5.87,109,3,59,9,No,1,0,76,Yes
1412,9.66,103,9,92,10,Yes,6,5,74,Yes
3923,6.19,136,3,43,6,No,0,5,91,No
4858,8.25,99,8,83,7,Yes,1,1,94,Yes
1721,6.33,134,8,99,7,No,4,5,70,No
1587,7.74,105,10,82,10,Yes,2,3,64,Yes
4149,7.21,133,9,46,10,No,5,1,86,No
2032,6.35,122,10,61,10,No,4,3,80,Yes
2712,9.8,118,3,40,6,Yes,5,4,77,Yes
4229,8.32,140,4,71,6,No,0,0,72,Yes
472,8.06,116,4,53,9,No,3,3,70,No
362,5.74,126,3,67,3,Yes,5,5,98,No
3452,5.53,114,7,91,3,Yes,1,4,67,No
4464,6.57,84,4,58,5,No,6,2,91,Yes
2436,5.83,135,7,44,2,No,0,4,81,No
364,7.26,113,4,81,10,Yes,2,3,83,No
3105,5.85,133,10,61,9,No,2,2,67,Yes
2858,5.8,125,5,96,9,No,1,4,87,No
3896,5.25,100,10,82,7,No,6,5,61,No
2286,6.46,137,10,96,4,Yes,0,1,71,Yes
2406,7.85,114,8,95,4,Yes,1,1,66,No
2992,9.1,108,7,74,3,No,5,0,63,Yes
3780,6.24,86,3,66,2,No,1,4,93,No
1595,9.56,145,9,81,4,Yes,4,2,91,Yes
2686,7.62,113,4,86,2,No,6,3,91,Yes
2931,8.21,100,7,55,7,Yes,4,2,88,Yes
2644,6.32,90,8,83,9,Yes,6,1,69,Yes
1615,9.2,123,8,41,9,No,3,3,98,Yes
4070,7.85,83,8,60,9,No,3,5,98,Yes
4228,5.5,86,10,56,6,Yes,4,5,74,No
1376,9.19,118,6,75,3,Yes,2,4,94,Yes
966,6.07,94,7,45,3,Yes,5,4,72,No
4837,8.1,82,5,53,4,Yes,3,2,66,Yes
1627,5.75,96,6,95,7,No,2,3,75,No
3653,8.57,121,7,100,6,No,0,4,95,Yes
1309,5.34,142,3,54,4,No,2,2,81,No
3803,8.23,143,5,58,9,No,1,2,77,No
2969,7.24,140,7,41,6,No,0,3,86,No
752,5.29,105,8,69,4,Yes,5,5,79,Yes
4078,6.95,110,8,50,6,No,3,3,97,No
2141,8.32,134,10,63,2,Yes,3,1,90,Yes
525,7.02,143,8,69,2,Yes,6,1,63,Yes
3924,9.28,116,6,64,10,Yes,5,5,100,Yes
1440,6.42,82,10,93,9,Yes,4,4,72,Yes
147,9.23,121,8,49,9,Yes,3,5,79,Yes
781,9.45,116,7,79,6,No,3,1,80,Yes
20,7.82,109,6,40,3,No,0,1,64,Yes
2242,9.73,142,4,57,7,No,6,0,99,No
4380,6.2,141,10,57,5,Yes,1,0,69,Yes
4813,8.75,108,4,85,3,No,4,0,79,Yes
1482,7.7,129,4,94,5,No,0,4,94,No
2897,8.15,116,9,44,6,Yes,3,3,71,Yes
1598,8.64,97,10,61,3,No,2,4,93,Yes
164,5.14,92,8,90,4,Yes,2,3,68,No
3015,6.83,134,6,44,5,Yes,0,3,68,Yes
2163,7.75,100,5,77,6,Yes,2,3,73,No
4403,5.01,134,6,76,2,No,4,2,93,No
2171,6.86,144,10,68,10,No,6,2,93,Yes
3764,9.35,81,6,76,6,No,6,3,83,Yes
1945,5.87,137,9,96,9,No,3,2,85,Yes
1037,7.79,130,5,68,5,No,3,2,69,Yes
952,9.18,136,4,95,4,Yes,0,3,67,Yes
4407,5.01,136,10,97,4,Yes,0,2,62,No
943,8.66,112,8,72,9,No,2,5,63,Yes
4975,7.49,81,4,75,10,Yes,2,5,97,Yes
1605,9.48,143,10,99,10,No,2,4,96,Yes
4891,7.58,102,6,68,5,No,4,2,100,Yes
2228,6.5,95,10,84,6,Yes,6,5,73,Yes
3885,6.33,85,7,86,8,Yes,2,0,65,Yes
833,5.69,96,10,85,9,Yes,5,4,93,No
3073,8.21,110,10,91,6,No,6,0,69,Yes
111,9.38,101,7,98,9,No,2,5,81,Yes
970,6.42,108,10,83,9,Yes,2,1,62,Yes
2580,8.72,120,10,95,2,No,3,0,75,Yes
2397,8.76,104,6,52,4,Yes,1,3,70,Yes
4828,9.0,114,9,100,3,No,0,2,64,Yes
2486,7.88,99,5,65,2,Yes,0,2,79,No
4377,6.11,135,8,53,9,No,4,2,93,Yes
2672,6.56,107,7,66,10,Yes,5,3,75,No
3100,5.92,124,9,72,9,No,4,2,64,No
3170,7.74,127,6,85,9,Yes,1,1,82,Yes
4250,7.66,98,4,50,9,No,4,5,94,No
357,6.69,128,4,93,9,No,4,5,74,No
3368,9.33,91,3,98,10,Yes,5,0,94,Yes
4757,6.81,125,3,70,3,No,0,3,85,No
3558,6.23,110,7,67,7,Yes,4,2,61,Yes
3071,5.11,81,3,98,9,No,1,2,100,No
2048,6.61,86,9,56,8,Yes,5,0,82,Yes
672,7.09,122,10,42,3,No,4,1,70,Yes
3901,5.07,87,9,95,2,No,2,0,89,No
3164,6.19,131,10,78,4,No,5,0,87,No
495,9.47,140,8,62,5,No,2,1,72,Yes
158,8.7,101,10,42,8,Yes,5,1,88,Yes
1452,5.85,135,7,71,3,Yes,3,1,74,No
2610,7.18,85,6,85,7,Yes,3,2,89,Yes
1507,9.3,82,5,91,3,Yes,1,2,64,No
4304,9.11,105,6,59,2,No,2,2,100,Yes
490,9.62,115,6,78,5,No,3,4,60,No
1953,5.59,109,8,96,6,Yes,6,2,63,No
3378,7.52,140,8,58,6,Yes,2,3,78,Yes
1400,6.81,101,5,46,2,Yes,1,0,86,Yes
3878,5.65,93,10,58,5,Yes,3,0,73,No
4933,7.5,144,9,78,2,No,3,4,87,No
384,8.25,130,4,40,10,No,6,2,95,Yes
4700,5.17,90,3,43,3,Yes,2,5,97,No
4499,8.08,117,9,87,5,No,6,5,60,Yes
154,6.49,130,5,78,3,Yes,3,5,81,No
645,6.36,104,3,41,3,Yes,4,5,73,No
1311,5.45,129,5,67,4,Yes,3,5,90,No
2981,5.02,103,5,71,8,No,6,0,80,No
1968,5.84,96,6,93,10,No,4,3,70,Yes
1356,6.91,92,8,72,3,Yes,4,5,94,Yes
286,7.2,102,7,98,3,No,2,0,75,Yes
4823,5.09,107,10,42,4,Yes,4,5,95,No
414,8.14,81,6,82,7,No,5,5,99,No
4838,7.63,80,9,87,2,No,0,3,82,No
1321,7.07,115,8,69,5,No,6,5,93,Yes
4206,8.61,98,7,63,7,Yes,2,0,94,No
4879,8.53,93,9,63,8,Yes,4,0,76,Yes
280,6.65,106,10,62,9,Yes,5,5,88,Yes
4520,7.81,138,5,54,10,No,0,3,64,No
3775,7.41,89,4,45,7,No,0,1,79,No
4238,9.54,109,6,40,5,No,6,2,75,No
321,8.42,89,10,69,10,Yes,3,4,70,Yes
1091,6.61,102,10,67,7,Yes,4,1,94,Yes
3074,9.15,129,9,100,3,Yes,1,5,68,No
4203,5.07,106,9,59,2,No,6,2,91,No
4051,8.0,118,9,55,10,Yes,2,0,70,Yes
3857,6.19,113,8,84,8,No,0,4,67,No
1983,7.54,142,4,63,2,Yes,4,3,71,No
322,6.22,93,4,54,10,Yes,6,0,75,Yes
732,9.68,123,6,78,8,Yes,6,3,91,Yes
3903,7.03,124,10,60,7,No,2,0,97,Yes
1449,5.25,125,4,89,3,No,4,3,70,No
4711,5.79,101,6,43,3,Yes,2,5,74,No
4047,9.19,107,9,50,10,No,1,1,72,Yes
172,9.53,84,7,52,2,No,0,2,79,No
1477,5.21,81,5,61,6,No,2,3,72,No
3621,8.61,126,8,98,9,No,1,3,89,Yes
3390,6.57,117,4,73,2,Yes,6,4,93,No
1873,5.57,138,9,69,4,Yes,4,5,65,No
3010,9.78,82,5,98,10,Yes,6,3,62,Yes
1985,8.67,125,10,94,10,No,6,1,84,Yes
1564,6.66,102,9,63,9,No,6,2,69,Yes
4981,6.21,143,6,79,4,Yes,2,5,76,Yes
440,9.59,88,5,66,10,No,0,2,74,Yes
287,5.88,98,9,66,4,No,3,1,91,Yes
4777,7.83,121,10,51,6,No,0,1,63,No
35,7.43,112,3,45,8,No,0,0,81,Yes
3440,7.22,81,8,78,6,Yes,4,3,85,Yes
1246,9.27,132,3,75,7,Yes,2,3,85,Yes
1508,8.85,91,4,40,2,No,2,4,64,No
2323,8.21,103,9,68,2,No,6,3,84,Yes
1729,6.8,139,4,95,3,No,1,0,74,Yes
4729,7.46,110,10,78,10,No,5,2,70,Yes
563,8.34,114,3,69,2,Yes,5,2,83,Yes
3488,9.27,145,6,57,10,Yes,1,5,87,Yes
1957,8.1,101,10,50,2,Yes,6,4,94,Yes
2077,7.39,100,3,84,10,Yes,2,5,69,No
4539,5.04,107,10,76,5,Yes,0,4,97,No
58,7.62,108,10,54,6,Yes,0,3,81,Yes
4610,5.4,80,4,82,6,No,3,1,64,Yes
3117,5.83,84,9,74,4,Yes,1,1,72,Yes
2317,5.61,134,4,62,3,Yes,5,2,94,Yes
339,5.44,122,4,42,9,Yes,4,3,85,No
576,6.96,81,7,100,8,Yes,5,1,73,Yes
669,8.01,118,8,66,2,No,1,0,93,Yes
4561,6.74,128,4,66,10,Yes,2,2,84,Yes
3044,7.46,116,9,40,9,No,6,0,90,Yes
1680,8.68,139,4,70,6,No,2,0,82,Yes
1631,5.99,127,7,47,8,Yes,2,2,61,No
1572,6.47,131,7,92,5,No,0,1,61,No
4253,6.33,138,9,53,3,No,2,4,85,Yes
4937,8.97,100,10,57,2,No,0,4,75,No
95,6.36,118,10,95,4,Yes,3,2,81,Yes
3307,5.7,126,9,72,3,No,6,2,75,Yes
3145,5.4,101,3,97,9,Yes,3,2,67,Yes
4049,9.18,98,4,44,3,No,2,4,76,No
591,7.93,102,10,87,7,No,0,2,80,Yes
4867,6.05,113,6,71,2,Yes,6,5,99,No
4821,7.72,81,8,54,3,No,0,0,89,Yes
49,6.36,122,4,92,5,No,1,1,69,No
2728,7.21,143,5,60,2,No,5,1,75,Yes
3757,9.04,105,3,84,8,No,3,5,96,No
2239,7.22,122,7,98,6,No,6,0,77,Yes
745,7.82,120,9,76,8,Yes,0,3,66,Yes
4951,5.9,120,5,91,6,Yes,2,0,80,Yes
3842,6.09,120,9,97,9,Yes,0,5,89,Yes
2995,8.53,93,5,44,10,Yes,3,1,78,Yes
1025,6.84,93,5,80,3,Yes,5,1,72,Yes
2238,7.59,89,5,59,10,No,5,4,88,Yes
4003,7.37,111,3,45,4,Yes,6,0,64,Yes
4413,8.14,85,3,42,6,Yes,2,0,95,Yes
3858,6.76,90,10,43,2,Yes,1,3,77,No
3000,6.47,118,4,90,10,No,1,4,97,No
438,6.22,122,10,85,4,Yes,2,4,63,Yes
350,9.61,127,9,77,3,Yes,2,1,70,Yes
4940,7.25,83,4,52,5,No,4,5,71,No
2666,5.32,142,9,50,7,No,6,5,92,No
3897,6.98,82,3,78,2,No,1,0,95,No
400,6.08,96,6,86,2,No,1,0,83,No
2988,5.9,98,8,72,7,Yes,3,2,94,Yes
1979,5.42,91,6,58,2,No,4,2,66,No
1269,8.98,81,8,66,4,Yes,0,0,79,Yes
4171,5.48,105,9,55,4,No,4,5,73,No
112,7.25,89,5,88,5,No,5,5,85,Yes
2111,6.69,83,8,71,8,Yes,2,4,100,No
3001,6.95,114,8,49,2,Yes,5,0,99,Yes
39,8.6,110,5,91,4,No,0,1,81,Yes
4439,6.63,127,9,97,10,No,0,4,77,Yes
3134,8.16,88,3,95,6,Yes,1,3,80,Yes
3953,5.6,126,4,76,2,No,2,5,84,No
1026,9.44,89,8,59,9,No,1,4,69,No
3392,9.43,119,5,74,10,No,5,4,78,Yes
3319,6.08,97,9,60,5,Yes,1,2,81,Yes
701,8.5,136,8,84,3,No,0,1,95,No
2082,9.54,95,9,41,6,Yes,4,5,67,Yes
1759,8.74,81,3,98,4,Yes,0,0,97,No
3547,9.13,113,3,82,2,No,6,1,90,Yes
4871,6.7,91,4,70,2,Yes,2,1,75,No
3567,8.03,132,10,81,2,Yes,2,3,70,Yes
3325,7.1,131,4,97,4,Yes,1,4,75,Yes
879,9.69,105,4,61,5,No,5,5,89,Yes
2338,7.28,94,6,46,9,No,4,3,95,Yes
3243,6.87,84,9,40,7,Yes,5,0,90,Yes
2744,6.12,129,10,69,10,No,2,2,84,No
1242,8.06,141,5,96,6,No,2,5,91,Yes
4291,6.36,83,8,42,10,No,0,5,63,No
1933,6.83,119,4,60,7,No,2,5,63,No
501,6.74,113,5,75,6,Yes,3,4,81,No
337,7.22,97,4,40,2,No,1,1,72,No
3489,6.46,136,9,99,4,No,2,0,90,No
1303,7.73,97,5,82,7,No,0,0,79,Yes
1217,9.6,108,9,74,3,No,4,0,98,Yes
2007,7.42,118,5,60,5,Yes,6,5,79,No
4804,6.26,89,3,100,8,No,4,1,93,Yes
4563,9.29,88,4,94,5,No,5,1,77,Yes
2898,5.98,107,3,58,3,Yes,3,3,66,No
1808,9.07,102,8,66,2,Yes,4,3,61,Yes
593,6.32,132,6,84,5,No,0,4,100,No
1241,5.32,106,5,42,8,No,4,3,100,No
3623,8.88,132,3,92,8,No,3,4,95,Yes
1061,9.69,96,6,65,2,Yes,1,5,95,Yes
2405,5.49,98,3,96,8,Yes,6,1,61,No
232,8.18,97,8,47,4,No,3,4,68,Yes
4754,8.37,82,9,93,3,No,6,2,74,Yes
2384,5.54,136,5,76,6,No,3,1,95,No
208,8.72,140,3,85,4,No,4,2,90,Yes
3205,7.17,121,9,43,2,Yes,1,0,68,No
3689,7.08,143,3,51,2,No,1,4,95,No
1337,5.47,133,9,66,5,No,4,1,68,Yes
4946,5.15,120,6,65,6,Yes,6,1,76,Yes
2266,6.07,109,6,65,6,No,3,0,76,No
733,8.42,114,9,62,9,No,3,3,92,Yes
4184,7.61,144,6,44,5,Yes,2,5,63,No
3855,7.12,144,5,56,8,No,1,2,89,No
834,6.02,140,3,87,4,No,2,0,98,Yes
4634,5.53,100,10,100,4,No,4,3,94,No
2750,8.96,134,6,61,5,Yes,1,5,91,No
3860,5.66,91,5,53,3,Yes,2,2,66,No
87,9.4,103,9,80,9,No,3,2,86,No
2156,6.81,121,7,77,8,No,1,1,60,Yes
2209,8.3,86,6,57,6,Yes,2,1,98,Yes
1262,5.18,132,3,57,5,No,6,3,94,No
2591,5.32,134,7,98,10,No,1,0,92,Yes
262,9.52,135,5,83,8,Yes,4,2,75,Yes
707,6.99,91,5,53,6,No,6,4,81,No
3207,8.16,85,7,46,10,No,1,4,60,No
3098,7.61,104,4,76,7,Yes,5,4,90,Yes
3233,5.5,89,10,46,8,No,0,2,99,No
2920,9.23,88,7,93,9,No,1,0,71,Yes
1765,5.71,110,10,57,7,Yes,0,0,76,Yes
42,9.15,115,8,81,10,Yes,6,4,81,Yes
3817,7.36,143,5,49,5,Yes,3,5,91,Yes
2908,5.77,97,4,71,3,Yes,4,3,81,Yes
3244,8.96,139,5,47,3,Yes,2,0,85,Yes
2835,6.48,134,3,43,7,No,0,5,98,No
4189,6.81,129,5,85,10,No,3,4,89,Yes
552,7.08,95,6,87,2,No,5,3,63,No
2210,5.21,141,7,82,7,No,4,3,83,No
1563,7.27,100,8,82,7,No,4,1,80,Yes
2400,9.2,97,3,47,4,Yes,3,3,72,No
131,7.7,95,9,62,8,No,5,0,78,Yes
3908,7.9,105,7,46,8,No,5,3,88,Yes
2390,6.27,127,3,68,2,No,4,3,79,No
759,8.87,122,9,91,5,No,1,1,66,No
2434,6.66,122,6,72,8,No,3,4,60,No
3160,6.2,82,5,50,8,No,1,5,79,No
795,5.61,118,6,73,8,Yes,0,4,64,Yes
3693,5.71,132,7,57,2,Yes,5,4,72,No
1647,9.51,118,10,86,8,Yes,4,2,76,Yes
2347,8.23,126,8,69,10,Yes,1,5,76,Yes
4952,6.57,114,5,69,8,No,6,0,71,Yes
3292,9.58,119,10,65,4,No,5,5,72,Yes
4480,6.42,101,6,63,9,Yes,2,0,79,Yes
1992,7.77,96,8,71,2,No,0,5,63,No
2671,7.28,100,10,95,8,No,5,5,95,Yes
1420,5.68,115,8,40,3,No,4,0,100,Yes
1172,7.52,145,4,51,4,Yes,5,4,81,Yes
2805,8.07,94,4,98,7,Yes,5,0,62,Yes
3158,6.58,114,10,91,6,Yes,4,4,100,Yes
974,7.27,124,9,65,3,No,2,2,72,Yes
982,7.32,135,7,76,4,Yes,0,5,94,No
3907,8.27,113,9,49,3,No,3,2,72,Yes
2056,7.12,135,9,52,6,No,1,5,74,No
1534,7.42,111,9,67,2,Yes,1,1,78,No
2581,5.22,118,7,49,5,No,3,0,71,No
3601,8.98,107,9,95,10,Yes,4,2,88,Yes
377,9.16,87,5,44,6,No,3,1,93,Yes
4187,7.17,123,4,60,7,No,6,4,100,No
4603,7.47,98,3,58,2,Yes,5,0,89,Yes
2030,9.28,85,8,55,2,No,4,4,86,No
1927,5.45,122,3,98,4,Yes,2,2,91,No
1354,5.31,108,7,53,5,Yes,4,5,67,No
1862,7.74,136,4,50,2,Yes,5,4,89,Yes
395,8.65,101,5,71,3,Yes,3,5,87,No
1087,8.23,113,3,68,4,No,5,4,66,No
3519,6.06,101,8,87,8,No,3,1,71,No
1426,7.33,143,6,77,8,No,0,5,91,No
419,6.98,80,4,90,6,No,4,1,89,Yes
3211,5.07,100,7,84,10,Yes,4,4,85,No
3784,9.36,114,4,52,5,No,3,3,83,Yes
276,9.39,93,6,82,7,Yes,4,0,96,Yes
4936,6.44,123,5,70,10,Yes,0,4,81,No
3457,8.84,114,8,57,7,No,2,5,86,Yes
4449,5.51,131,7,74,2,Yes,3,1,94,No
540,6.76,89,3,99,5,No,6,0,89,Yes
3363,8.3,137,9,74,3,No,3,0,93,Yes
1855,8.1,102,4,69,5,Yes,6,5,73,Yes
329,9.72,133,10,43,4,No,0,0,74,Yes
1244,6.56,134,4,51,9,No,5,0,82,Yes
4788,5.98,124,10,90,8,Yes,3,1,95,Yes
2838,8.09,130,3,71,6,Yes,6,0,85,Yes
503,5.63,109,4,86,6,No,4,3,84,No
3581,9.56,98,6,87,9,No,1,2,79,Yes
4505,8.82,107,10,41,3,No,0,4,80,No
4137,5.75,112,8,48,9,No,2,3,88,Yes
363,5.47,106,5,80,6,No,3,0,79,Yes
2517,6.08,140,3,70,9,No,2,5,77,No
3183,8.52,99,10,93,10,No,4,0,94,Yes
4292,9.71,108,8,81,10,No,5,3,97,Yes
468,5.67,101,6,44,10,No,1,1,71,No
4518,5.65,122,6,100,2,No,4,2,82,Yes
248,8.14,123,7,88,9,No,5,5,91,Yes
1874,6.84,93,5,98,4,Yes,4,5,62,No
4831,8.27,133,8,55,5,No,1,3,74,Yes
3887,7.89,84,10,89,6,No,2,4,82,No
767,7.18,83,3,81,4,No,6,5,68,No
4771,6.26,124,4,61,3,No,1,4,76,No
1042,8.01,81,3,90,3,No,6,2,65,No
1063,5.93,93,4,44,7,No,6,2,61,No
3127,9.34,131,9,99,5,No,6,4,68,Yes
531,8.32,99,8,89,3,Yes,3,0,99,No
2604,6.94,106,7,75,10,Yes,1,4,61,Yes
4815,8.78,102,4,75,3,No,0,0,93,Yes
2914,7.04,143,8,52,4,Yes,1,5,72,No
3976,9.68,123,9,81,9,No,2,2,85,Yes
4770,8.86,83,7,97,9,No,2,3,79,Yes
2533,6.13,132,4,91,8,No,2,4,87,No
1178,8.35,128,5,80,10,Yes,2,3,88,Yes
415,8.18,111,10,62,8,Yes,6,4,99,Yes
800,5.09,130,4,40,4,No,3,5,85,No
4685,6.38,90,8,90,7,No,5,0,75,Yes
4584,7.08,108,10,71,9,No,2,1,77,Yes
1181,5.35,103,10,52,5,No,3,4,82,No
2522,9.35,80,6,98,8,No,0,2,63,Yes
2297,5.96,142,5,95,2,Yes,2,0,73,No
4548,8.05,90,8,99,7,Yes,6,2,60,Yes
4705,8.21,88,4,92,9,Yes,5,2,60,Yes
1299,6.47,139,5,88,2,Yes,4,3,97,Yes
737,7.39,144,7,74,7,No,4,4,61,Yes
1849,5.3,105,5,96,2,No,4,0,63,No
3762,5.55,100,9,77,5,Yes,2,0,88,No
4448,6.0,108,6,52,3,No,6,5,66,No
2571,9.65,130,3,88,7,No,5,3,99,Yes
4533,7.71,109,8,43,4,No,4,2,91,Yes
3404,9.66,88,8,90,8,No,6,2,85,Yes
1204,7.75,113,5,64,9,No,1,1,60,No
2099,5.07,89,6,89,8,Yes,5,0,92,Yes
671,9.65,140,10,51,4,No,0,0,83,Yes
3310,6.49,94,3,68,8,No,6,1,87,No
799,9.41,103,6,51,3,No,4,2,66,Yes
2264,9.61,95,4,88,8,No,6,2,62,Yes
4274,8.53,102,7,50,3,No,3,4,77,No
4139,7.19,88,5,84,8,Yes,2,4,78,Yes
1348,7.13,137,7,76,6,No,6,1,69,Yes
863,5.31,96,4,48,6,No,6,1,93,Yes
2726,9.45,133,4,59,10,Yes,2,1,100,Yes
4402,7.67,99,4,58,4,Yes,1,3,66,No
847,6.54,132,8,56,8,No,0,0,72,No
4726,9.11,136,3,79,7,No,5,0,100,Yes
3510,8.96,133,8,91,7,No,5,5,61,Yes
1460,6.15,142,6,90,8,Yes,0,3,97,No
4255,5.01,87,7,42,9,Yes,0,1,75,No
4905,6.5,101,6,88,8,Yes,1,2,77,No
267,5.81,128,5,48,6,Yes,3,1,64,No
3743,6.88,81,10,74,7,Yes,5,5,71,Yes
2399,8.79,114,4,50,2,Yes,2,4,85,No
685,7.04,114,6,90,3,No,2,5,63,No
1013,5.77,105,10,82,6,Yes,3,4,91,Yes
1488,6.04,104,6,100,7,No,4,3,83,Yes
2735,5.88,91,10,50,3,No,1,4,68,No
72,6.15,140,10,68,2,Yes,1,3,75,No
2379,6.8,93,9,77,2,Yes,6,1,71,No
125,7.95,118,10,81,2,Yes,3,3,87,Yes
849,7.65,88,10,41,8,No,0,2,95,Yes
3873,7.73,145,5,64,6,No,1,5,89,No
4506,7.67,137,7,81,2,No,2,1,96,No
2190,6.69,133,6,74,6,Yes,3,1,61,Yes
86,9.62,82,7,76,2,No,1,3,93,Yes
2831,5.65,123,10,70,9,Yes,2,4,91,No
4071,9.07,106,9,68,8,Yes,2,5,100,Yes
2506,6.18,81,7,60,6,Yes,2,0,75,Yes
3899,8.71,96,6,53,3,No,6,4,99,Yes
1133,9.57,93,5,69,3,No,1,0,89,Yes
2902,6.34,108,10,83,5,Yes,1,5,65,Yes
4722,8.11,110,8,99,9,No,6,5,77,Yes
1207,5.08,81,10,42,7,No,6,4,73,No
2656,9.72,131,9,97,5,Yes,5,4,69,Yes
3569,8.44,98,8,49,6,Yes,1,2,69,Yes
2187,6.56,82,9,100,9,No,0,5,62,No
4342,9.7,143,7,70,4,No,5,0,89,Yes
3162,5.18,87,9,59,9,Yes,6,5,79,No
820,5.66,134,9,98,8,No,6,4,83,Yes
1363,7.32,116,7,56,10,Yes,2,5,95,Yes
2461,7.59,133,10,72,2,Yes,3,5,77,Yes
629,6.08,134,3,76,9,No,1,5,92,No
183,9.64,120,8,85,3,No,2,2,70,Yes
2660,8.08,126,5,73,8,No,0,1,70,No
3025,8.99,142,9,80,9,No,4,3,77,Yes
260,8.63,97,4,72,7,Yes,3,1,64,Yes
681,7.42,134,9,70,3,No,1,0,95,Yes
4638,6.99,81,3,49,7,No,5,0,64,Yes
2736,5.13,91,9,69,10,No,1,0,82,Yes
3865,8.53,132,4,74,6,No,2,2,73,Yes
2729,9.32,102,6,59,10,Yes,0,2,65,Yes
1050,6.87,141,4,47,8,No,2,1,65,No
2966,6.88,120,3,72,10,No,4,3,91,No
2889,8.6,119,10,67,9,Yes,0,0,82,Yes
2268,5.89,96,9,48,7,Yes,1,0,76,No
2101,5.22,120,7,76,3,No,5,5,64,No
82,6.38,116,10,44,5,No,6,5,97,Yes
2444,9.02,129,3,58,5,Yes,6,3,62,Yes
566,7.54,122,10,65,4,Yes,5,2,82,No
907,8.17,88,10,43,7,No,1,2,86,Yes
4528,9.44,118,7,85,10,No,6,1,94,Yes
2131,6.73,118,6,56,7,Yes,1,0,64,No
458,6.73,122,10,69,9,Yes,2,3,95,Yes
3204,7.97,104,8,46,10,No,3,1,69,Yes
1940,8.79,113,5,40,6,Yes,6,2,91,Yes
3786,7.94,127,10,75,4,No,5,2,71,Yes
3318,5.07,104,9,77,7,Yes,4,2,62,No
4880,7.44,84,5,58,6,No,6,5,71,No
4554,7.57,136,8,50,7,Yes,2,4,97,Yes
895,5.12,136,6,56,3,Yes,0,2,92,No
2718,5.46,113,7,70,10,Yes,3,2,100,No
1147,7.77,135,8,53,3,Yes,3,5,66,Yes
4763,7.58,135,5,68,6,No,1,5,74,No
4628,7.27,108,10,65,8,No,5,0,80,Yes
4398,6.75,130,8,79,9,Yes,4,1,99,Yes
1834,5.52,121,6,46,5,No,2,4,73,No
1385,8.98,82,3,54,7,Yes,2,1,97,Yes
2485,9.16,112,6,46,7,Yes,4,5,72,Yes
138,6.03,145,4,62,8,Yes,5,5,97,No
2285,6.64,107,7,88,3,Yes,5,5,61,No
4305,6.34,98,10,72,10,Yes,4,4,67,Yes
1041,6.84,94,3,88,2,Yes,6,0,77,No
1432,8.05,100,6,75,10,No,5,3,82,Yes
3471,5.06,93,5,83,6,No,2,3,85,No
310,7.83,129,8,67,7,No,1,2,65,No
4614,5.15,84,7,61,2,Yes,2,5,75,No
73,7.79,140,8,67,10,Yes,5,3,77,Yes
2617,6.89,89,3,77,9,No,3,4,88,No
559,5.22,109,6,83,7,Yes,5,0,67,Yes
3850,5.61,117,7,92,9,Yes,2,4,95,No
4335,8.46,130,9,62,4,No,6,4,72,Yes
270,9.14,136,8,67,4,Yes,4,5,72,Yes
4202,9.09,117,9,42,3,No,5,3,69,Yes
512,7.16,101,5,94,2,Yes,1,5,76,Yes
1175,6.94,85,3,94,4,Yes,5,0,91,Yes
757,5.31,132,8,82,3,Yes,6,5,68,No
485,7.09,88,7,54,7,Yes,0,5,84,Yes
28,6.51,86,10,72,10,Yes,4,0,71,Yes
580,8.67,86,6,58,9,Yes,2,2,89,Yes
1731,6.15,86,4,55,10,No,2,4,94,No
4715,7.31,145,6,82,6,Yes,6,0,86,Yes
1203,7.05,87,4,75,8,No,5,2,94,Yes
142,7.75,133,7,47,8,Yes,2,1,99,Yes
3549,5.03,131,4,44,4,No,6,5,68,No
637,6.77,102,7,90,5,No,6,4,62,No
1711,6.17,103,10,73,2,Yes,0,2,95,No
3338,8.74,120,7,79,10,Yes,5,4,94,Yes
2295,6.29,135,7,68,2,No,0,1,96,Yes
4802,8.99,114,5,77,8,Yes,4,0,88,Yes
1417,7.67,119,6,99,3,Yes,3,1,69,Yes
3172,5.43,125,8,74,9,Yes,4,2,100,Yes
1371,5.97,112,7,93,7,Yes,3,3,80,Yes
3486,8.63,82,10,42,5,No,6,0,93,Yes
2681,5.53,132,9,85,6,No,0,4,86,No
3375,9.6,141,7,83,9,No,1,0,76,Yes
1757,8.26,143,6,48,8,No,1,0,86,Yes
2583,8.7,88,10,78,9,No,6,4,91,Yes
894,7.23,123,9,68,9,Yes,2,3,80,Yes
117,6.78,133,5,96,8,No,6,3,99,Yes
1338,7.42,90,9,100,2,Yes,1,1,96,Yes
3872,8.81,111,3,59,8,Yes,0,0,87,Yes
3805,9.05,109,8,84,4,Yes,5,0,95,Yes
3091,5.25,88,8,75,3,Yes,4,1,97,No
3706,8.06,141,9,56,6,No,2,1,86,Yes
1814,7.68,114,6,67,10,Yes,4,0,70,Yes
2425,9.43,133,3,70,8,No,3,2,73,Yes
1046,9.22,129,4,71,4,No,1,0,78,Yes
4010,9.08,110,7,53,10,No,3,0,83,Yes
553,5.2,99,8,72,5,Yes,5,5,85,Yes
3533,6.13,137,4,40,10,No,1,2,79,No
2194,8.67,118,5,77,2,Yes,5,3,69,Yes
291,6.08,116,5,89,9,No,6,3,95,Yes
4108,7.26,142,8,88,2,Yes,5,2,84,Yes
882,5.88,80,8,40,3,Yes,4,0,69,No
409,6.5,94,4,94,2,Yes,1,5,70,No
1914,6.44,131,4,88,3,No,4,3,97,No
1591,7.3,107,4,51,8,No,5,4,64,No
946,8.7,129,9,85,3,No,1,3,70,Yes
4035,6.92,83,4,70,2,No,6,0,88,Yes
439,8.0,118,10,90,10,Yes,6,5,80,Yes
225,9.6,141,5,69,7,Yes,4,3,94,Yes
1335,8.03,120,9,54,8,No,3,2,88,Yes
4447,6.9,106,4,70,9,No,2,1,79,No
2212,7.29,120,9,89,4,Yes,6,1,67,Yes
3643,6.64,124,5,66,2,Yes,3,0,85,Yes
4619,8.75,142,8,94,6,No,5,4,70,Yes
1560,5.21,88,7,85,6,No,1,2,61,No
1903,5.31,139,10,83,3,No,3,4,95,No
4780,9.05,144,6,51,7,Yes,4,0,65,Yes
4112,7.34,96,4,64,6,Yes,2,1,91,Yes
1640,7.72,88,5,99,8,Yes,5,3,100,Yes
4355,8.7,140,4,51,8,No,4,0,80,Yes
3312,6.88,113,6,61,10,Yes,4,4,81,Yes
633,9.35,122,9,62,6,Yes,0,5,98,Yes
700,5.75,144,8,81,6,No,2,4,69,Yes
4367,6.62,94,3,60,10,Yes,0,4,95,Yes
1952,7.55,139,8,92,4,Yes,2,4,71,No
634,8.49,113,3,80,9,No,4,0,78,Yes
2251,6.92,111,6,62,5,No,0,5,60,No
1245,8.38,141,10,78,8,No,0,2,77,Yes
2859,6.83,103,8,47,2,No,3,1,93,No
3909,5.16,133,8,74,7,Yes,4,0,65,No
53,9.28,144,9,93,10,Yes,1,5,90,Yes
40,6.98,111,7,50,3,Yes,0,3,74,No
779,9.28,85,5,56,4,No,2,3,68,No
3460,8.49,136,6,64,10,Yes,2,5,63,Yes
3622,5.56,122,7,83,3,No,3,5,91,No
3079,6.83,137,6,72,2,No,1,0,73,Yes
4630,9.18,124,4,85,10,No,0,3,90,Yes
4666,7.78,132,6,55,2,Yes,0,2,69,Yes
385,7.92,118,4,70,3,Yes,2,5,80,Yes
2648,5.99,90,8,45,3,Yes,3,3,94,No
4987,5.36,129,4,80,10,Yes,0,2,70,Yes
434,7.45,116,3,99,8,Yes,6,5,80,Yes
2377,8.13,142,9,78,3,No,0,3,70,No
3445,5.68,121,5,83,7,No,2,5,77,No
1057,5.14,126,5,45,5,Yes,4,3,69,No
371,8.75,94,9,49,4,No,4,0,66,Yes
103,6.41,127,9,49,5,No,4,5,71,No
3854,8.89,87,6,80,2,Yes,1,4,66,Yes
1433,5.83,143,4,61,7,No,5,1,80,Yes
1365,5.31,135,7,46,9,Yes,5,4,71,No
4513,7.39,124,3,92,5,No,2,3,67,No
3328,6.6,80,10,71,9,No,4,5,79,Yes
3332,8.25,131,4,69,2,Yes,3,0,64,Yes
4769,5.57,88,8,46,10,No,5,1,84,Yes
1408,6.03,113,10,47,6,No,4,2,81,Yes
3783,5.32,145,3,97,7,Yes,5,0,93,Yes
1950,6.96,113,5,80,8,Yes,5,0,70,Yes
2374,9.23,143,8,62,6,Yes,6,0,97,Yes
4111,6.3,134,3,83,5,Yes,0,1,79,No
4598,7.04,98,7,95,6,No,5,4,75,Yes
4473,5.99,129,7,48,8,Yes,1,1,67,No
2318,5.06,134,9,88,7,Yes,6,5,76,No
529,6.22,118,6,63,2,No,1,0,75,No
3774,7.99,94,6,49,5,Yes,2,1,93,Yes
4593,8.6,87,8,78,8,No,5,3,97,Yes
4911,9.07,144,6,79,5,No,1,1,99,Yes
4878,5.07,114,6,75,5,Yes,2,4,83,No
422,6.79,93,3,97,4,No,6,5,86,No
3973,7.22,99,5,98,9,Yes,4,1,80,Yes
653,9.05,88,6,40,8,No,6,3,67,Yes
3366,6.36,85,8,68,6,Yes,0,4,99,No
3026,7.65,141,7,86,6,No,6,4,90,Yes
4645,6.38,95,3,43,2,Yes,2,4,78,No
1614,8.55,129,9,41,10,No,1,5,91,Yes
2524,5.42,134,7,93,2,No,4,0,60,Yes
4121,6.96,105,4,76,8,No,0,2,70,No
4653,5.79,121,3,68,4,Yes,1,1,60,No
4639,9.2,101,3,87,8,No,3,0,74,Yes
2497,8.08,89,10,62,2,Yes,0,4,71,Yes
2193,9.28,100,8,60,5,No,5,3,100,No
29,5.33,110,9,47,5,No,0,4,65,No
1984,9.05,138,9,41,5,Yes,0,1,87,Yes
1730,7.56,94,10,65,4,Yes,1,4,74,Yes
4724,5.34,130,7,80,4,Yes,5,4,65,No
922,5.08,83,3,61,5,No,0,1,66,No
3479,8.12,93,6,43,9,Yes,2,1,79,Yes
4135,5.05,105,10,79,2,No,5,5,98,No
2843,8.31,115,7,65,7,No,5,3,76,No
1934,7.95,103,3,94,9,No,1,5,84,Yes
2921,6.95,84,4,84,10,Yes,4,4,76,Yes
4329,6.92,105,9,96,7,Yes,4,4,91,Yes
4084,5.28,113,4,61,3,No,2,1,86,No
402,5.09,94,9,68,8,Yes,2,3,69,No
4868,8.2,85,8,66,8,No,5,0,76,Yes
4579,5.02,122,3,76,7,No,6,0,88,No
2449,5.22,140,6,76,8,Yes,5,1,92,Yes
1247,7.04,113,3,57,9,No,2,5,62,No
1898,7.28,84,3,57,8,Yes,0,2,81,Yes
1082,8.05,90,5,44,6,Yes,2,5,88,Yes
2185,5.52,89,6,49,10,No,1,1,98,No
2548,8.31,80,4,67,5,Yes,6,1,93,Yes
1115,8.97,125,9,41,3,Yes,2,3,71,Yes
4119,7.91,88,5,45,4,No,3,4,88,No
4632,7.31,85,9,67,9,Yes,0,4,70,Yes
3273,5.15,81,3,63,8,No,0,5,92,No
1734,8.65,138,5,83,6,No,2,0,62,Yes
1382,7.68,94,5,91,10,No,0,4,89,Yes
3586,7.27,106,4,83,5,No,3,4,83,No
1273,8.51,115,5,56,3,Yes,4,4,84,No
4018,7.43,94,9,99,9,No,5,4,86,Yes
766,8.94,100,7,72,3,Yes,4,5,95,Yes
3752,6.15,138,7,86,10,No,4,1,82,Yes
3009,7.67,95,5,79,7,Yes,2,1,62,Yes
1922,9.48,111,9,57,10,No,0,4,96,Yes
4369,7.55,134,9,52,8,No,2,3,81,No
4134,5.84,89,6,50,8,No,2,4,92,No
441,8.18,122,8,58,5,No,4,4,90,Yes
1943,5.88,133,8,84,6,Yes,3,5,81,Yes
2989,6.68,126,5,84,3,No,4,2,81,No
2991,7.49,94,9,69,7,No,1,1,94,No
597,6.6,107,3,80,5,No,2,0,79,No
4147,8.46,136,6,49,5,No,5,5,83,Yes
4429,7.04,115,5,64,3,Yes,6,2,88,No
4471,6.27,94,3,45,6,Yes,0,4,72,No
1669,6.88,105,9,89,2,No,5,4,95,No
864,6.32,82,7,83,10,No,0,3,63,Yes
2557,5.63,143,7,41,8,No,6,2,92,No
1221,7.16,133,6,76,4,No,1,3,97,Yes
1699,7.96,95,9,56,9,Yes,0,3,97,No
937,7.31,126,9,64,4,No,3,4,99,Yes
1081,8.88,135,10,53,2,Yes,0,5,87,No
2464,9.5,99,9,80,6,Yes,0,1,61,Yes
3235,7.03,115,6,54,5,No,4,2,96,Yes
4081,7.01,86,4,82,9,No,6,1,70,Yes
2466,8.13,117,7,93,10,Yes,0,5,61,Yes
4939,7.51,94,3,75,7,No,3,3,60,Yes
2803,5.88,91,4,88,6,Yes,4,5,60,No
850,8.24,111,5,59,8,Yes,6,5,92,Yes
2313,5.77,92,5,75,7,Yes,0,5,86,No
64,6.23,127,5,78,3,No,1,2,66,No
2996,5.42,131,4,52,5,Yes,5,2,83,No
1654,8.81,99,3,40,9,Yes,1,2,83,Yes
1752,6.34,117,3,89,5,No,2,1,95,Yes
326,7.19,127,6,58,6,No,1,3,83,No
3334,7.19,140,5,98,3,Yes,5,0,95,Yes
1668,5.01,141,6,53,4,Yes,5,5,92,No
4843,6.4,98,10,47,9,No,2,1,64,Yes
3246,7.86,81,4,100,6,No,5,5,80,No
1822,7.52,131,5,83,5,Yes,5,2,61,Yes
4346,8.17,102,6,81,6,No,6,3,77,Yes
1069,8.0,109,6,91,4,No,1,4,93,Yes
2769,9.45,114,8,44,8,No,6,5,88,No
1008,7.95,122,7,62,3,Yes,5,1,85,Yes
4916,8.97,132,4,82,7,Yes,0,3,84,Yes
4708,6.54,104,7,71,9,No,2,0,65,Yes
1372,8.55,107,10,94,6,Yes,1,1,80,Yes
2006,7.09,134,10,52,10,Yes,5,2,79,Yes
530,6.56,101,7,77,3,Yes,1,0,62,Yes
573,6.31,104,4,48,4,Yes,4,4,77,No
3441,6.18,97,6,53,9,Yes,3,0,80,Yes
2587,8.01,85,5,82,8,Yes,5,4,76,Yes
3040,8.34,118,4,46,4,No,6,2,86,Yes
797,7.81,144,3,47,9,Yes,1,3,62,No
1404,8.44,116,4,55,5,Yes,5,5,79,No
4326,6.03,133,4,95,5,No,2,4,78,No
4410,5.73,94,3,90,6,Yes,0,3,79,No
3979,7.54,88,8,58,8,No,2,0,89,Yes
1602,5.98,139,5,47,6,No,1,4,100,No
1259,9.68,130,6,68,7,No,0,5,79,No
4665,7.8,93,7,64,5,No,0,4,88,No
1527,9.15,127,10,44,2,Yes,3,1,73,No
1771,7.44,103,9,76,3,No,6,3,87,Yes
2549,5.66,118,10,82,3,No,4,1,98,No
3240,8.33,99,7,72,9,No,1,1,95,Yes
3336,5.01,123,6,41,9,Yes,1,3,62,Yes
4186,8.3,106,5,55,6,No,2,1,77,Yes
3766,7.7,138,7,53,3,No,5,2,73,No
3915,7.78,135,5,88,2,No,6,1,70,Yes
4974,9.42,81,8,70,4,No,6,4,75,Yes
4316,8.08,137,10,85,9,No,6,2,74,Yes
1942,5.14,96,6,94,7,Yes,3,3,68,Yes
4664,6.47,120,7,63,8,No,0,2,62,Yes
3189,7.48,83,6,43,8,No,4,4,97,Yes
1693,5.38,118,7,46,8,No,0,2,86,No
1775,8.2,137,3,78,2,No,4,4,64,Yes
3058,6.93,99,7,80,3,No,3,1,75,No
4973,5.14,124,4,74,10,No,6,3,95,No
1347,6.58,89,10,97,9,No,6,2,81,Yes
2572,8.72,129,6,96,10,Yes,0,4,88,Yes
518,6.98,99,7,40,2,No,6,1,82,No
601,8.26,82,6,76,7,No,6,2,64,Yes
4846,7.16,97,7,53,8,No,0,4,61,No
4691,6.52,123,7,49,6,Yes,6,3,85,Yes
3388,7.61,81,10,74,4,No,3,4,63,Yes
2410,8.4,112,8,84,10,No,4,1,60,No
2117,8.34,108,8,53,2,No,4,3,60,No
3002,8.86,82,9,46,8,No,3,5,99,No
3078,9.44,94,4,91,10,No,6,5,81,Yes
359,6.8,89,4,61,9,No,3,5,70,No
2746,8.36,93,4,82,9,No,3,3,87,Yes
3108,8.74,126,7,91,9,Yes,0,0,66,Yes
3735,5.46,139,3,93,6,Yes,0,1,81,Yes
2076,8.16,102,9,96,10,No,2,2,91,No
4899,6.06,96,10,69,8,Yes,3,1,99,Yes
2448,8.7,137,9,61,5,No,2,5,98,Yes
4430,7.0,84,7,56,3,Yes,3,2,78,Yes
144,9.18,123,6,61,4,Yes,5,0,93,Yes
4190,6.2,133,5,100,5,No,0,1,95,No
1487,7.17,129,10,63,7,Yes,3,1,93,Yes
4596,8.73,86,6,40,4,No,3,1,65,Yes
2373,6.24,81,8,52,7,Yes,0,5,90,No
4128,9.02,84,6,94,4,No,0,1,68,No
2138,5.78,115,9,65,7,Yes,6,2,70,Yes
4540,5.24,81,7,98,7,No,0,3,69,No
2752,6.76,108,10,45,3,Yes,1,4,79,No
3745,8.93,88,4,75,8,No,6,0,67,Yes
1671,9.22,139,6,99,7,No,1,3,76,Yes
740,7.73,142,10,70,10,No,4,0,85,Yes
2799,5.45,134,4,83,9,Yes,2,5,99,No
3652,5.56,137,6,90,8,No,2,1,65,Yes
2176,9.14,137,5,92,8,No,4,4,77,Yes
1466,7.52,102,8,83,2,No,0,3,71,Yes
3763,9.67,96,5,77,5,Yes,5,3,92,Yes
2785,7.04,134,4,45,9,No,3,3,82,Yes
4169,7.51,120,4,97,5,No,6,2,61,Yes
886,9.52,135,4,47,4,No,1,1,72,Yes
33,9.74,81,7,99,3,No,1,2,67,Yes
857,5.02,81,5,66,10,No,5,3,85,No
2314,8.02,121,8,76,2,Yes,6,3,67,Yes
3376,7.2,143,8,74,2,No,2,1,99,Yes
1430,5.12,103,3,80,7,Yes,3,0,89,Yes
1743,5.19,140,3,66,5,Yes,4,4,95,No
4043,6.89,124,5,85,5,No,4,5,95,No
435,5.26,112,6,79,9,No,5,5,83,Yes
115,9.53,121,6,81,3,No,3,5,79,Yes
1912,9.67,127,10,99,2,No,0,0,76,Yes
4699,6.98,116,9,80,2,No,3,0,78,Yes
4706,6.72,82,9,57,4,Yes,3,3,76,No
3463,8.62,82,6,57,10,No,4,2,72,Yes
2153,9.48,99,8,46,6,No,1,4,80,Yes
3733,5.03,141,8,84,6,Yes,5,0,60,Yes
764,8.95,110,7,53,4,No,5,2,86,Yes
2031,6.17,99,4,45,8,Yes,1,1,99,Yes
968,7.83,104,9,67,7,No,6,5,68,Yes
170,6.71,88,8,55,3,No,5,2,68,No
4549,5.84,94,9,81,9,No,4,5,98,Yes
268,6.32,118,10,90,3,Yes,1,5,100,No
2822,9.29,112,10,94,2,No,5,1,64,No
2316,6.16,98,10,45,2,Yes,5,1,72,Yes
2544,6.04,98,10,53,4,Yes,6,3,78,No
465,9.41,85,3,81,7,Yes,4,5,77,Yes
4931,5.11,100,7,97,6,Yes,5,4,68,No
2282,5.89,83,7,60,6,No,6,0,91,No
3382,9.04,116,7,70,5,Yes,6,5,82,Yes
188,9.17,95,5,59,4,Yes,5,1,82,Yes
3197,9.03,93,8,58,10,No,1,0,66,Yes
3086,9.6,143,5,42,6,No,6,4,85,Yes
3413,5.1,137,10,50,10,No,0,2,84,No
452,5.2,130,4,59,5,No,5,2,73,No
1197,9.32,142,7,45,5,No,6,4,74,Yes
1965,9.2,129,9,77,10,No,1,5,98,Yes
1322,5.2,121,8,42,4,No,5,5,66,No
6,6.74,104,4,42,5,No,0,1,66,No
2881,7.94,107,7,80,7,No,1,4,80,No
3613,5.86,142,5,52,5,No,0,5,91,No
1373,9.52,140,3,89,8,No,5,3,75,Yes
3839,8.04,93,8,96,9,No,4,2,99,Yes
3824,7.79,113,3,41,5,No,4,0,92,Yes
4817,9.63,125,10,59,8,Yes,0,1,73,Yes
1606,6.28,134,10,78,3,No,3,2,67,No
1058,7.25,97,7,70,8,No,3,5,60,No
1774,7.54,132,3,53,5,No,4,5,67,No
2597,8.94,119,9,79,10,No,0,3,69,Yes
3213,9.18,84,5,64,8,No,6,0,76,Yes
4131,9.01,80,9,94,7,No,3,1,64,Yes
2543,6.17,80,4,76,4,Yes,4,2,87,No
3230,7.49,114,7,73,3,No,5,1,85,Yes
2720,9.65,109,10,75,3,No,0,1,99,Yes
290,7.36,136,10,50,3,No,6,1,78,No
1626,8.68,145,3,72,10,No,3,1,70,Yes
724,6.67,100,6,72,3,Yes,4,0,93,Yes
4019,9.57,80,5,60,3,Yes,4,3,76,Yes
1742,6.54,86,8,59,4,No,3,5,62,No
2934,9.31,139,3,60,6,No,1,2,80,No
2386,8.92,121,4,84,5,No,1,1,89,Yes
4124,6.87,93,4,76,10,No,1,3,61,Yes
3563,5.94,92,9,100,6,No,4,5,85,No
2114,5.43,105,9,96,7,Yes,0,2,81,No
1552,9.54,129,8,69,8,No,1,3,90,Yes
1492,7.25,96,10,60,10,No,0,5,66,Yes
622,5.94,120,7,76,6,No,3,5,82,Yes
962,7.24,137,4,70,10,Yes,1,1,65,Yes
4495,7.03,145,7,65,2,Yes,6,4,82,No
1194,6.51,111,7,48,8,No,0,5,64,No
479,7.61,112,6,40,2,No,0,4,60,No
770,5.95,133,8,51,8,No,6,4,74,No
2014,9.79,90,5,51,9,No,6,4,82,Yes
1684,8.57,143,10,64,7,No,1,0,62,Yes
822,8.64,99,3,80,10,No,3,3,95,Yes
317,8.12,88,7,84,8,No,6,1,63,Yes
2852,8.64,105,3,84,9,Yes,5,3,69,Yes
2483,6.54,141,9,75,10,No,3,3,99,Yes
2551,6.87,136,8,67,3,Yes,1,0,61,No
1857,6.98,101,4,86,8,No,5,4,64,Yes
4122,5.24,106,9,76,4,Yes,2,4,65,No
4824,5.44,119,3,44,6,Yes,3,0,75,Yes
3005,8.12,128,9,49,2,No,5,2,91,Yes
1166,5.58,131,10,51,5,No,4,2,99,Yes
4332,5.41,142,8,77,7,Yes,6,4,62,Yes
881,5.02,108,6,69,5,Yes,5,2,84,No
3651,5.03,117,7,79,4,No,4,0,99,No
2960,9.64,106,3,88,6,No,4,2,69,Yes
4394,5.71,100,8,58,8,Yes,2,4,79,No
656,5.19,129,6,59,8,No,5,5,82,No
4426,5.61,131,10,65,4,No,1,4,82,No
4022,5.37,115,4,43,7,Yes,2,2,60,No
3157,6.58,81,3,80,3,No,1,4,74,No
1500,5.53,105,8,58,3,Yes,6,3,61,No
3759,6.15,84,6,80,3,Yes,4,3,95,No
2829,7.13,145,3,76,5,Yes,3,0,85,No
644,5.04,88,3,66,3,No,5,3,82,No
874,9.5,83,10,73,7,No,0,0,60,Yes
343,8.75,124,8,64,6,Yes,2,4,74,No
2310,8.13,145,10,78,6,No,1,3,69,No
2723,9.3,80,9,78,8,No,0,5,79,No
4088,5.37,143,10,52,9,Yes,1,5,84,Yes
303,9.12,136,10,40,8,Yes,5,1,79,Yes
102,7.08,92,4,68,4,No,0,0,80,Yes
1885,5.62,116,4,61,7,Yes,6,1,100,Yes
2201,5.67,138,3,65,8,Yes,4,0,61,Yes
1212,5.37,136,4,72,3,Yes,2,4,83,No
1872,7.92,94,5,65,2,No,5,1,67,No
197,5.76,145,10,71,6,No,0,3,92,No
4522,5.24,83,10,61,5,Yes,6,5,62,No
3906,6.38,97,3,59,5,No,2,5,80,No
3462,6.95,126,3,74,3,Yes,3,5,76,No
3791,7.43,118,7,67,10,No,4,3,85,Yes
918,8.43,136,5,70,6,No,1,0,98,Yes
3561,5.69,82,7,79,7,No,6,5,88,Yes
1251,9.37,122,9,53,10,No,0,0,61,Yes
1086,8.19,120,3,49,9,No,3,2,67,Yes
3293,5.22,93,4,47,7,No,6,2,80,No
995,5.5,95,5,73,6,No,6,3,66,No
1286,6.6,120,5,97,7,No,5,3,86,Yes
2850,8.31,84,8,41,6,Yes,0,2,62,Yes
2500,8.74,143,9,41,9,No,4,3,68,Yes
1065,9.46,110,7,45,2,No,6,3,62,No
4649,8.94,87,7,70,2,Yes,5,4,96,No
3727,9.41,82,8,57,10,Yes,4,5,80,Yes
1071,8.42,129,6,53,3,No,4,5,91,No
528,6.0,129,7,99,7,Yes,5,0,95,Yes
4298,9.18,133,9,62,9,No,4,5,66,Yes
1312,9.6,133,5,50,8,No,6,0,89,Yes
754,7.89,131,6,47,4,Yes,1,2,89,Yes
2642,8.5,106,7,89,6,No,2,4,85,Yes
928,8.05,120,10,44,7,Yes,4,3,84,Yes
2930,5.48,119,7,57,4,Yes,4,2,69,No
4739,9.01,129,6,50,10,No,4,5,70,Yes
2181,8.74,87,3,68,8,No,3,1,89,Yes
411,6.85,141,9,81,4,Yes,5,5,63,Yes
3638,8.58,111,6,94,4,No,1,4,99,No
4949,9.4,100,3,62,5,No,2,0,78,Yes
3947,5.98,125,9,82,6,Yes,5,4,69,No
2292,6.5,113,3,72,5,Yes,5,4,65,No
2553,5.72,96,10,68,9,No,1,0,86,Yes
1418,5.77,111,9,90,4,No,3,4,72,No
3992,7.71,119,6,73,8,No,5,5,82,Yes
3809,7.85,90,6,60,5,Yes,3,5,63,No
283,7.07,83,6,68,8,Yes,5,1,73,Yes
944,9.45,111,6,70,2,No,2,5,61,No
4418,8.66,117,5,56,6,No,6,4,100,Yes
265,7.66,132,4,41,3,Yes,0,4,98,No
909,6.49,140,5,78,6,No,4,5,89,No
2998,7.12,91,4,97,2,No,5,3,83,No
2263,7.18,142,4,69,6,No,0,5,87,No
3393,5.17,99,3,55,3,No,6,5,70,No
4434,6.56,101,7,97,4,No,5,3,60,Yes
4902,6.17,111,10,87,7,Yes,0,4,77,No
2508,5.77,85,6,72,7,No,4,4,85,No
3840,7.73,121,6,82,8,No,0,2,77,Yes
2312,5.92,119,5,100,5,Yes,3,0,60,Yes
4957,9.8,127,8,58,8,No,1,5,63,No
3069,6.31,86,10,98,6,Yes,5,2,99,Yes
790,6.0,129,9,58,4,Yes,3,3,79,Yes
496,5.96,110,7,53,5,Yes,1,4,82,No
4327,6.57,97,4,47,10,Yes,3,1,74,Yes
3645,5.57,100,5,55,8,No,6,1,96,No
2630,7.7,142,10,58,2,No,1,4,68,No
4819,6.51,91,4,74,7,No,1,0,86,No
936,6.18,102,6,59,6,No,5,1,77,Yes
4720,6.68,94,5,89,5,Yes,2,2,63,No
305,8.0,109,9,81,3,No,0,1,90,No
1473,5.8,112,9,58,10,Yes,6,4,76,No
3283,6.59,106,4,67,4,No,4,0,98,No
858,8.78,89,3,97,9,No,2,3,98,Yes
344,8.89,115,3,91,9,No,6,4,74,Yes
2515,5.46,115,8,75,2,Yes,6,3,75,No
4050,7.72,141,7,50,3,No,4,5,79,No
4515,5.97,142,6,84,9,No,1,0,79,Yes
2856,7.23,113,6,92,5,No,4,2,72,No
1751,8.28,117,6,95,2,No,3,3,79,No
3206,9.58,84,8,64,9,No,6,0,71,Yes
4625,7.46,133,5,66,10,Yes,4,3,62,Yes
3490,8.23,114,8,65,7,Yes,3,3,85,Yes
3428,6.39,96,4,89,3,Yes,6,1,99,No
2026,6.88,138,9,88,4,Yes,0,1,70,Yes
1031,8.34,145,10,72,10,Yes,6,1,78,Yes
3760,6.54,130,5,72,9,Yes,1,2,81,No
4044,7.18,101,5,70,5,Yes,6,1,75,Yes
3900,7.23,124,4,69,7,Yes,4,0,72,Yes
4309,8.05,140,3,50,4,No,0,0,89,Yes
643,6.88,110,6,73,7,No,1,2,95,No
4723,7.97,140,6,84,3,Yes,1,0,100,Yes
2813,6.88,86,4,59,8,No,2,0,97,No
1851,5.12,101,10,65,10,No,5,3,71,Yes
1139,5.82,106,8,80,6,No,2,5,60,No
4352,8.56,126,6,95,9,No,5,5,75,Yes
3546,8.9,89,6,57,7,Yes,1,0,96,Yes
4930,6.51,137,4,91,4,Yes,4,2,81,No
4989,5.18,128,3,91,6,Yes,6,5,75,No
4436,5.6,125,6,58,4,Yes,2,3,65,No
2694,6.49,82,5,59,9,No,0,1,93,No
807,9.34,142,6,85,2,No,3,4,80,Yes
4799,8.38,108,9,91,7,No,5,2,72,Yes
1339,8.28,127,3,87,8,No,6,1,70,Yes
1518,7.31,143,7,88,9,Yes,5,1,74,Yes
1905,6.19,102,8,67,4,Yes,5,4,97,No
3862,5.98,84,8,95,4,Yes,5,2,76,No
1187,8.92,122,3,55,9,Yes,4,4,62,Yes
4450,5.57,108,8,52,3,Yes,2,5,75,No
1526,6.49,134,4,78,4,No,2,5,83,No
3420,8.19,140,9,88,6,No,0,4,95,No
1910,7.58,117,3,92,3,No,3,2,79,No
346,9.03,102,5,55,7,No,5,2,97,Yes
259,8.42,130,4,59,4,No,4,3,94,No
114,8.6,113,9,92,7,Yes,1,3,61,Yes
1841,6.75,120,7,51,10,Yes,4,0,65,Yes
4016,5.42,94,4,67,9,No,5,2,70,No
219,8.08,143,5,94,10,No,1,0,81,Yes
1926,6.02,132,3,61,4,No,0,2,80,No
3389,7.0,120,7,62,10,Yes,3,3,74,Yes
3936,5.67,135,7,61,7,No,0,3,83,No
4572,7.15,143,3,73,7,Yes,6,3,80,Yes
1651,9.7,122,8,47,6,Yes,3,3,97,Yes
1,8.07,83,7,55,5,Yes,0,5,94,No
4372,5.36,80,5,53,9,Yes,4,5,91,No
1634,7.23,106,10,48,8,No,1,1,100,Yes
1538,6.51,128,3,80,8,No,3,1,80,Yes
3962,6.65,136,9,44,9,Yes,2,3,74,Yes
1935,5.21,94,4,70,3,Yes,5,0,74,Yes
2348,6.41,97,6,96,8,No,1,0,85,Yes
2647,8.35,127,3,43,3,No,4,3,75,No
2935,8.29,87,5,64,3,No,6,0,61,Yes
866,6.08,115,9,74,9,Yes,3,1,81,Yes
1568,9.75,85,4,76,2,Yes,4,5,70,Yes
994,5.43,122,7,49,5,Yes,0,3,74,No
4127,7.98,117,5,89,10,Yes,0,0,79,Yes
2413,8.44,117,9,57,2,No,2,5,92,Yes
1014,8.43,121,9,72,8,Yes,0,0,68,Yes
4995,6.75,82,6,91,5,Yes,3,5,80,No
1188,5.34,133,4,96,10,No,1,2,62,No
517,9.21,135,7,98,7,No,1,0,88,Yes
683,6.46,138,3,69,9,No,6,5,85,No
1051,5.61,129,8,60,9,Yes,5,3,98,No
3379,6.13,80,4,98,4,No,4,5,73,No
1250,7.49,126,6,50,10,Yes,5,1,78,Yes
2395,5.74,127,8,62,2,Yes,5,1,81,No
3165,6.75,114,6,79,5,Yes,1,5,96,No
911,9.22,138,10,76,2,No,2,5,89,No
2281,5.45,106,9,76,2,No,3,0,84,No
4514,8.31,94,7,45,5,Yes,1,3,91,No
571,9.36,98,5,60,3,No,5,0,71,Yes
4835,8.99,82,6,76,6,No,2,2,92,Yes
3063,7.21,83,3,88,3,Yes,0,3,89,No
2102,7.05,114,4,44,7,Yes,2,0,96,Yes
3475,5.6,106,3,98,4,Yes,2,3,77,No
3740,6.02,128,7,81,9,Yes,4,5,76,Yes
727,7.04,145,6,66,3,No,2,0,89,No
222,7.29,111,3,56,8,Yes,6,2,81,Yes
237,6.39,120,8,55,6,No,5,4,74,No
93,6.31,141,10,55,9,No,3,1,98,Yes
2787,6.6,106,8,52,6,Yes,4,0,97,Yes
2380,5.86,132,3,46,6,Yes,3,2,91,Yes
2789,7.44,116,5,64,8,No,0,3,90,No
575,7.9,127,5,94,8,No,1,1,72,Yes
3626,7.38,101,9,52,4,No,6,3,87,Yes
729,7.88,119,10,54,10,Yes,6,3,72,Yes
4908,5.78,117,3,54,10,No,5,0,79,No
4391,9.16,129,9,41,9,No,3,4,80,Yes
3726,6.84,105,5,55,7,No,1,4,74,No
4217,8.89,101,5,58,4,Yes,6,1,92,Yes
2426,8.42,125,3,40,7,Yes,1,1,77,Yes
4243,6.61,141,10,54,8,Yes,0,5,72,Yes
3933,7.0,109,4,97,3,Yes,6,5,79,No
201,9.75,95,5,46,8,Yes,2,4,83,Yes
4091,8.91,117,7,45,10,No,1,3,87,No
3849,9.73,134,9,70,3,No,2,2,69,Yes
1278,9.54,115,5,93,8,No,3,5,76,Yes
2605,9.61,141,9,45,4,Yes,3,5,66,No
1694,6.6,86,5,44,3,No,4,0,66,Yes
430,8.06,94,8,75,9,No,5,5,86,Yes
252,5.08,132,3,41,10,No,4,2,61,No
3264,7.49,121,10,70,3,No,2,5,82,No
2065,7.4,138,9,77,6,No,5,2,72,Yes
2438,8.75,82,3,77,5,No,0,2,87,No
2308,6.2,114,9,67,9,Yes,0,0,63,Yes
3276,8.66,117,8,49,4,Yes,1,0,64,Yes
3898,7.29,100,4,73,6,Yes,1,4,80,No
3038,9.23,124,6,77,4,No,0,4,87,No
3132,8.29,99,3,49,4,No,5,0,65,Yes
3364,7.38,91,10,59,2,No,4,2,99,No
901,7.16,83,8,48,4,Yes,5,0,91,Yes
2175,7.55,94,7,86,9,No,4,5,67,No
2722,9.6,143,8,77,6,No,0,4,77,No
4366,5.24,86,10,60,8,No,6,2,61,Yes
3443,5.88,118,6,94,2,No,3,2,94,Yes
734,8.69,93,4,56,9,No,5,1,61,Yes
4310,8.25,83,9,48,6,Yes,0,1,84,Yes
4822,9.03,121,4,54,8,No,1,1,72,Yes
3593,7.61,125,9,80,3,No,4,4,65,Yes
4671,6.71,142,6,73,2,No,6,4,69,No
3032,9.49,81,3,76,5,Yes,4,1,63,Yes
2612,5.49,101,6,46,7,Yes,5,0,80,Yes
3198,8.19,97,8,92,6,Yes,0,5,63,Yes
2531,6.67,124,6,58,6,No,3,3,70,Yes
617,8.12,118,10,65,8,Yes,1,4,70,Yes
318,9.44,94,10,79,2,Yes,5,5,71,No
2753,5.19,111,10,93,7,No,1,4,94,No
3056,8.19,99,6,95,4,No,2,2,95,No
4237,7.66,111,8,55,9,Yes,2,1,99,Yes
2994,5.83,100,4,84,7,No,5,1,63,Yes
4459,5.94,138,4,99,6,No,4,0,72,Yes
2743,7.16,98,6,40,6,No,2,5,73,No
2561,7.51,107,10,87,10,No,6,4,64,No
4955,8.44,102,8,43,8,Yes,0,1,64,Yes
129,5.46,134,8,82,6,Yes,1,5,90,No
3500,5.89,106,4,42,5,No,5,3,63,No
4261,7.32,88,3,93,7,Yes,4,5,69,No
1653,5.4,90,4,90,2,Yes,3,3,65,No
3257,5.75,132,7,88,3,No,3,4,75,No
4303,9.48,126,10,56,7,No,0,4,60,Yes
406,8.3,141,8,55,2,Yes,0,0,96,Yes
2495,5.03,111,7,71,6,Yes,1,2,74,Yes
969,7.89,108,4,65,2,No,3,2,69,Yes
3192,7.16,88,8,88,9,No,0,3,79,No
2936,6.53,120,7,51,4,Yes,1,1,90,No
4153,7.42,128,8,66,9,Yes,5,0,97,Yes
4089,9.78,104,6,84,10,Yes,0,5,99,Yes
2372,8.3,98,10,52,8,No,2,4,88,Yes
1673,9.57,137,6,65,2,Yes,0,2,94,Yes
2904,7.87,115,4,42,6,Yes,5,5,69,Yes
3042,9.08,107,6,95,2,No,3,2,80,Yes
1422,9.7,123,7,100,2,Yes,2,0,100,Yes
3480,7.35,123,5,55,9,No,5,3,78,No
3006,9.48,91,3,40,7,No,1,5,100,No
664,9.63,107,3,77,4,Yes,0,2,69,Yes
3311,8.07,123,7,81,5,Yes,3,2,96,Yes
1075,6.92,96,10,63,10,No,2,2,65,Yes
308,8.62,97,5,44,10,No,4,5,70,No
4276,5.33,84,8,68,5,Yes,1,3,88,No
572,9.22,83,8,96,8,No,2,3,100,Yes
2877,7.35,99,5,46,10,Yes,4,0,80,Yes
2494,5.48,135,8,70,4,No,5,5,78,No
3181,6.72,133,10,69,3,Yes,5,1,87,Yes
1195,9.5,106,10,85,7,No,6,1,88,Yes
3734,7.59,116,4,65,6,Yes,3,0,100,Yes
4839,9.65,95,5,64,9,No,2,0,77,Yes
718,6.06,104,4,66,9,No,0,1,61,No
388,9.77,104,8,86,5,No,5,3,82,Yes
2608,6.93,84,4,43,9,No,1,3,69,No
913,9.37,103,4,65,2,Yes,6,1,77,No
3077,8.02,114,9,98,7,No,1,2,80,Yes
432,5.27,114,5,58,6,Yes,0,5,78,No
1088,8.58,104,9,84,10,No,4,3,73,Yes
2454,9.02,90,5,71,3,No,3,5,80,Yes
447,5.26,112,4,76,5,No,3,3,88,No
1198,7.65,95,8,86,4,Yes,1,5,88,Yes
4456,9.16,143,3,65,4,No,4,0,62,Yes
3024,6.18,106,3,67,10,No,3,4,79,No
3239,9.59,141,10,55,3,No,1,4,79,Yes
263,5.39,99,9,85,4,No,2,2,66,No
1169,6.32,129,4,69,8,No,1,0,78,Yes
3628,6.24,113,10,87,3,Yes,6,5,75,No
26,7.31,131,3,50,8,Yes,3,2,89,Yes
153,5.45,129,7,56,4,Yes,4,5,69,No
4611,9.7,100,5,100,6,Yes,0,3,64,Yes
4934,9.38,118,4,74,5,Yes,0,5,99,No
1705,9.56,135,3,56,2,Yes,1,0,63,Yes
2036,9.04,108,3,51,5,Yes,1,0,98,Yes
508,7.76,102,7,62,7,No,3,5,88,Yes
161,8.92,97,7,43,9,No,4,0,93,Yes
1746,7.39,111,6,64,5,No,0,3,77,No
4814,9.28,110,3,89,9,No,3,2,84,Yes
1415,9.47,99,9,94,5,Yes,3,2,84,Yes
713,9.68,95,8,72,2,No,1,4,63,No
3231,5.12,86,10,91,9,Yes,0,3,91,Yes
4542,6.17,126,8,43,8,No,6,1,96,Yes
4993,7.92,144,7,70,10,No,5,0,66,Yes
1904,5.49,128,4,49,5,No,0,3,90,No
3970,5.43,103,5,42,8,No,5,5,80,No
8,5.82,111,5,69,8,Yes,5,5,95,No
1107,9.34,84,4,61,7,No,4,4,94,No
383,8.86,119,7,67,8,No,3,2,73,Yes
4875,5.82,136,6,56,9,No,6,1,82,Yes
3317,7.44,107,9,77,4,Yes,1,5,92,No
31,9.46,89,3,69,3,Yes,1,4,76,No
3785,5.06,123,4,61,8,No,2,4,67,No
1047,7.96,95,8,99,3,No,4,1,71,Yes
2332,6.62,116,5,86,3,No,2,4,86,No
624,5.0,125,4,95,6,No,1,3,97,No
4311,7.74,114,10,54,7,No,2,0,78,Yes
3279,5.44,82,3,63,3,Yes,0,4,79,No
4576,9.62,112,7,42,10,Yes,6,2,68,No
209,6.51,102,10,98,10,Yes,2,5,76,Yes
4961,7.56,134,3,71,10,Yes,6,1,92,Yes
1724,5.15,106,8,80,6,No,3,1,64,Yes
2022,6.63,85,8,64,3,Yes,3,3,96,Yes
798,9.21,118,8,77,9,No,3,4,76,Yes
3969,6.16,126,8,69,3,No,6,1,65,Yes
2742,6.81,115,10,44,10,No,2,4,79,No
1353,9.15,142,5,95,10,No,3,3,60,Yes
2079,5.02,115,3,81,2,No,5,5,82,No
647,5.89,94,5,56,6,No,0,5,89,No
3709,7.19,92,8,48,2,Yes,0,5,96,No
4117,8.07,123,8,60,3,No,0,0,74,No
2037,5.82,125,4,73,9,No,5,2,96,No
837,8.55,80,4,75,7,Yes,0,3,90,Yes
2068,7.57,81,8,99,6,No,6,2,71,Yes
1140,7.42,141,7,94,5,Yes,5,0,70,Yes
2516,5.57,131,3,58,9,No,5,1,69,No
2443,7.28,101,4,40,10,Yes,0,5,89,No
1343,9.78,129,4,90,8,No,5,4,67,Yes
2987,9.44,143,10,59,3,Yes,1,2,64,Yes
1524,9.09,142,3,62,3,Yes,2,5,90,Yes
1384,8.11,123,10,73,8,No,3,4,78,No
374,7.28,114,8,41,7,No,2,2,77,Yes
2126,8.03,132,8,61,9,No,1,1,62,Yes
4353,6.75,100,10,99,4,No,4,2,97,Yes
2231,7.84,130,4,59,5,Yes,3,1,97,Yes
1766,8.34,117,5,73,10,Yes,5,0,83,Yes
4174,5.51,140,9,43,7,Yes,3,3,88,Yes
4512,7.8,97,5,89,4,Yes,0,1,81,Yes
1138,7.55,115,6,96,8,Yes,0,1,77,Yes
4144,9.59,119,7,77,6,Yes,6,5,76,Yes
3199,6.42,84,3,82,10,No,4,3,85,Yes
751,8.95,139,7,99,10,No,6,3,96,Yes
1435,8.4,124,8,91,9,No,6,1,70,Yes
2058,9.23,95,4,58,4,Yes,6,3,68,Yes
4633,5.85,109,7,77,3,Yes,0,5,97,No
838,7.72,123,9,70,4,No,4,5,89,Yes
2050,5.63,89,3,81,4,No,0,3,64,No
4816,7.27,139,5,78,3,No,5,1,66,No
1584,8.55,83,10,71,7,No,3,0,93,Yes
2447,5.88,103,9,66,9,No,5,2,65,Yes
677,5.61,87,7,48,3,No,3,3,70,No
1785,7.72,135,8,41,10,No,6,1,85,Yes
3454,5.15,105,9,44,3,No,1,3,61,No
3275,5.19,140,6,45,4,No,1,5,87,No
1149,6.33,104,3,77,10,No,6,4,67,No
723,8.76,106,6,51,7,Yes,1,5,77,Yes
3355,6.57,88,4,42,2,Yes,3,0,66,No
474,7.86,88,6,64,8,Yes,0,1,93,Yes
4534,9.68,101,8,72,9,No,1,3,64,Yes
4247,7.18,88,9,100,3,Yes,4,3,71,No
613,8.22,90,10,76,4,Yes,6,5,89,No
50,6.18,140,4,69,8,No,4,1,84,Yes
3880,7.75,99,6,67,3,No,3,4,76,No
3642,6.27,107,8,68,7,Yes,3,4,97,No
1317,7.47,138,9,43,9,Yes,0,3,89,Yes
742,6.76,83,8,64,3,Yes,2,3,82,No
4675,5.33,134,9,40,2,Yes,3,4,93,No
4982,8.74,81,10,55,3,No,0,4,99,Yes
3051,9.54,110,7,95,3,Yes,2,4,89,Yes
4116,7.02,118,3,76,5,Yes,5,1,84,Yes
4295,5.55,124,6,65,4,Yes,6,2,99,Yes
1502,9.35,86,6,84,6,Yes,3,2,62,Yes
3128,7.27,141,5,98,10,No,6,5,64,Yes
1236,7.37,91,5,57,3,No,6,0,74,Yes
4307,9.57,135,5,48,5,Yes,1,0,71,Yes
3014,6.7,97,6,72,10,No,4,4,88,Yes
1781,8.73,135,9,76,10,No,0,3,99,Yes
560,6.17,98,7,40,7,No,0,2,88,No
1176,7.29,109,6,46,4,No,3,3,64,No
1457,8.93,83,3,99,10,No,6,0,79,Yes
4432,8.17,94,6,99,9,No,2,4,92,No
2861,8.83,90,6,60,3,Yes,5,2,82,Yes
3101,9.37,128,3,61,3,No,2,4,74,Yes
2435,9.2,127,6,64,4,Yes,4,0,77,Yes
4154,5.01,131,8,71,6,No,6,1,97,Yes
3562,5.86,104,7,69,8,No,4,0,98,Yes
3554,7.66,144,4,94,2,No,5,3,100,No
1329,6.53,136,5,69,9,Yes,5,1,84,Yes
3661,5.6,84,6,98,2,No,2,2,93,No
4935,5.25,116,7,56,9,Yes,3,0,88,No
3054,5.83,126,10,72,7,Yes,0,1,81,No
13,7.86,139,7,75,2,No,0,5,94,No
2806,8.4,99,9,40,2,No,1,3,82,No
1003,7.96,80,9,84,10,No,1,5,93,Yes
4968,5.29,101,6,46,7,No,0,3,95,No
4687,5.66,141,7,86,6,Yes,6,0,91,Yes
83,9.48,134,4,74,5,No,2,1,64,No
4467,9.74,110,10,93,7,Yes,5,5,83,No
568,6.08,123,9,82,4,Yes,3,4,99,Yes
3,8.37,133,6,68,6,No,0,1,87,Yes
4830,9.15,99,7,40,9,Yes,5,1,81,Yes
2957,5.83,128,7,72,3,No,6,1,93,Yes
3960,8.78,91,3,98,2,No,0,5,95,No
509,6.83,116,10,80,4,No,5,2,86,Yes
4249,7.01,94,5,64,7,No,5,1,95,Yes
2382,5.39,104,10,96,2,No,5,0,62,No
4874,8.6,98,9,47,3,Yes,2,3,84,Yes
2511,7.0,105,3,99,5,No,3,2,76,Yes
1168,8.56,105,10,70,6,Yes,0,4,91,Yes
2872,5.89,88,4,85,7,Yes,0,5,78,No
4093,8.28,88,3,77,5,No,3,5,86,No
4490,5.14,111,8,70,8,Yes,6,3,76,No
347,8.36,98,6,93,9,No,1,3,62,No
930,8.63,90,3,48,7,No,1,1,84,No
2884,7.6,92,3,44,5,No,5,1,88,No
2558,7.18,97,8,76,2,No,3,1,60,Yes
577,9.45,136,10,84,7,No,1,3,85,Yes
169,8.77,144,3,64,9,Yes,3,2,76,Yes
1028,7.01,144,3,50,6,No,1,2,62,Yes
1871,7.94,105,3,76,8,No,0,1,97,Yes
4686,7.11,89,7,92,4,No,0,3,81,No
3487,8.61,133,9,88,5,Yes,3,5,62,Yes
704,6.89,142,8,78,10,No,5,2,85,No
3631,6.51,109,7,61,2,Yes,6,2,77,Yes
4635,7.03,139,7,90,2,No,5,4,66,No
3575,6.33,89,7,95,2,No,4,3,92,No
4477,8.83,109,8,50,8,No,2,4,83,No
2465,7.59,88,10,50,8,Yes,1,4,86,Yes
3250,6.57,89,9,44,9,Yes,2,2,99,Yes
4244,6.2,123,10,53,8,No,6,5,97,No
1040,6.18,131,4,86,10,Yes,6,0,98,Yes
2302,7.77,138,3,64,2,No,5,2,79,Yes
2421,6.73,104,5,44,9,No,5,0,61,Yes
3826,7.4,118,4,85,6,Yes,0,3,62,No
2760,8.61,140,9,56,10,Yes,2,4,87,Yes
2823,9.14,91,3,62,10,No,5,5,75,No
1920,7.93,129,6,86,6,No,3,0,77,Yes
655,9.1,123,4,93,9,No,2,5,72,No
2416,6.04,120,8,45,8,Yes,1,1,71,Yes
3867,5.51,119,3,51,5,Yes,2,4,83,No
1170,7.71,81,7,42,9,Yes,2,1,89,Yes
659,8.78,85,9,47,5,No,5,4,89,No
4007,7.05,103,3,93,3,Yes,2,4,61,Yes
2816,9.0,105,3,45,2,Yes,0,4,63,No
4063,5.21,112,3,51,9,Yes,6,4,94,No
3153,7.01,125,10,54,9,Yes,2,1,85,Yes
2150,7.33,104,10,76,3,No,0,1,65,No
877,9.25,98,5,70,6,No,2,2,60,No
3234,9.43,114,7,58,3,No,6,2,81,Yes
467,9.67,108,9,62,7,No,3,4,60,Yes
1946,6.52,88,9,41,3,Yes,2,5,66,No
1596,7.08,83,9,44,10,Yes,6,1,62,Yes
1119,7.37,85,7,66,3,Yes,1,4,80,No
386,6.25,118,6,49,10,No,0,4,85,No
2229,8.5,141,3,46,10,No,0,2,87,Yes
2214,6.39,121,8,78,5,No,2,1,66,Yes
927,9.43,101,7,46,7,No,5,3,68,Yes
1993,6.92,123,9,57,2,No,1,1,77,Yes
119,6.76,125,3,65,6,Yes,0,3,65,No
2005,7.52,110,8,95,4,Yes,0,3,77,Yes
638,5.41,98,5,93,9,No,3,3,75,Yes
4873,6.26,116,4,52,7,No,3,5,67,No
3509,8.25,90,8,41,5,Yes,4,4,83,No
1719,8.02,110,3,70,6,No,5,5,60,Yes
3813,6.72,101,5,97,7,No,2,0,72,Yes
4984,8.12,130,7,99,4,No,0,5,85,No
4589,8.99,135,5,88,6,No,0,4,60,No
3846,9.31,97,4,88,2,No,3,1,60,Yes
2611,6.99,108,6,61,7,No,0,3,88,No
1657,6.4,89,7,48,3,No,6,2,70,No
1211,9.76,112,3,83,7,No,0,4,75,No
2942,8.73,126,7,51,6,Yes,4,1,84,Yes
3281,9.78,97,5,55,7,Yes,5,5,93,Yes
3958,5.91,124,3,71,6,Yes,6,5,98,No
143,8.31,126,4,67,3,Yes,4,3,93,No
2422,7.95,86,4,76,5,Yes,6,1,94,Yes
288,8.33,102,5,71,6,Yes,2,3,99,No
1569,8.28,122,10,47,7,No,6,2,95,Yes
3988,9.75,119,9,97,4,No,0,3,87,Yes
2546,7.85,103,7,50,9,No,1,4,70,No
948,7.75,124,5,57,5,No,3,5,79,No
1896,5.03,105,6,78,8,Yes,6,3,76,Yes
4553,6.98,125,7,79,9,Yes,6,1,78,Yes
89,6.51,121,4,89,8,No,6,0,94,No
1201,6.82,135,3,82,6,Yes,6,2,61,Yes
3541,5.45,91,8,75,2,Yes,5,0,98,No
4487,9.53,86,8,70,2,Yes,0,0,65,Yes
1391,5.6,102,4,50,5,Yes,3,5,98,No
2761,6.34,116,8,93,3,Yes,3,5,68,No
4660,5.72,127,5,94,5,No,3,0,83,Yes
2267,8.44,81,4,100,7,Yes,6,5,86,Yes
2711,7.67,116,3,74,6,No,6,1,93,Yes
2112,9.42,141,3,85,2,Yes,3,4,89,Yes
3430,7.97,86,4,77,8,No,2,2,70,No
3668,8.4,117,7,77,3,No,6,2,61,Yes
1609,6.16,108,7,99,10,Yes,1,1,61,Yes
2962,6.99,86,6,87,8,Yes,2,5,78,No
2147,6.99,103,7,43,8,Yes,4,1,94,Yes
2207,5.92,136,7,67,9,No,4,3,61,Yes
420,6.74,86,6,94,9,Yes,6,4,98,Yes
4872,6.15,112,6,69,5,No,0,1,64,No
3286,5.31,82,9,46,8,Yes,4,3,60,No
3830,5.32,85,3,58,8,Yes,0,5,78,No
456,9.32,120,10,68,7,No,2,5,97,No
4230,6.71,144,7,98,10,Yes,5,3,73,Yes
4825,5.17,139,10,49,9,Yes,5,5,78,No
1248,6.97,101,6,89,3,No,4,4,81,No
2480,9.65,102,5,87,2,No,1,4,93,No
3649,7.18,106,7,68,10,No,4,1,60,Yes
4400,7.15,88,5,74,3,Yes,4,1,95,Yes
755,9.76,134,3,52,4,Yes,0,2,77,Yes
3383,9.42,88,8,66,10,No,1,5,68,Yes
2780,6.63,107,8,52,10,No,0,2,92,Yes
2719,5.17,90,6,41,8,Yes,2,3,95,No
3472,8.54,110,3,94,6,No,6,4,79,Yes
3305,8.51,141,5,69,3,No,2,5,85,Yes
1414,8.33,101,8,50,3,No,5,5,99,No
1167,9.12,95,9,49,2,Yes,6,5,75,No
2848,5.74,138,10,63,10,No,4,4,78,No
4866,6.51,139,5,76,8,Yes,3,1,70,Yes
1127,9.14,132,10,82,3,No,1,4,90,Yes
3659,9.68,125,6,45,10,No,2,0,61,Yes
3972,6.01,100,9,77,3,Yes,1,5,60,No
4197,9.72,128,8,68,3,Yes,6,4,97,Yes
750,7.18,103,3,80,10,No,4,3,73,Yes
4345,8.53,128,10,53,7,No,3,4,65,Yes
392,7.98,140,6,72,3,No,3,4,79,No
998,5.68,114,3,98,7,No,1,5,98,No
1858,6.13,98,6,97,4,Yes,2,5,75,No
915,5.37,93,8,66,9,Yes,1,4,62,No
3254,9.27,139,6,80,8,No,2,2,86,Yes
3008,5.15,139,7,75,7,No,5,1,76,Yes
564,5.09,129,6,64,10,No,0,2,91,Yes
1355,6.71,138,3,93,10,No,5,1,83,Yes
1425,8.07,122,9,82,6,No,0,0,66,Yes
747,9.68,89,6,58,6,Yes,4,3,74,Yes
159,8.61,137,6,74,5,Yes,6,3,72,Yes
486,6.92,116,3,100,4,No,3,0,72,Yes
348,6.12,108,3,73,9,Yes,4,1,68,Yes
3667,9.09,122,7,56,10,No,0,5,81,No
2344,8.31,94,10,93,4,Yes,1,5,98,Yes
1393,9.54,82,3,64,8,Yes,6,0,82,Yes
1561,9.62,104,6,84,9,No,5,0,96,Yes
4790,8.46,85,7,90,10,Yes,2,0,90,Yes
4193,8.37,97,3,95,8,Yes,1,5,97,No
801,9.64,142,7,79,7,No,5,5,85,Yes
641,5.7,135,3,58,9,Yes,2,4,62,No
1863,9.37,94,6,71,7,Yes,4,4,75,Yes
91,6.38,142,4,41,5,No,2,4,60,No
4703,8.43,123,10,83,5,Yes,6,1,70,Yes
896,8.09,115,6,46,3,Yes,0,4,72,No
3572,6.73,109,8,52,3,Yes,0,4,77,No
207,8.36,104,3,68,7,Yes,3,5,73,No
3425,6.56,132,3,45,10,No,0,0,73,Yes
4811,8.12,144,7,56,6,Yes,6,3,68,Yes
686,9.37,126,3,47,8,Yes,4,0,83,Yes
3116,8.77,87,10,88,5,No,0,1,95,Yes
587,6.21,138,10,94,9,No,0,4,91,No
1289,7.73,91,10,45,3,No,1,5,65,No
3820,7.74,109,8,100,6,No,5,5,80,Yes
4592,7.83,92,4,81,4,Yes,1,1,96,Yes
4023,7.41,100,7,66,9,Yes,1,3,92,No
4103,5.76,126,6,69,9,No,1,2,94,No
4965,8.01,135,4,46,7,No,3,1,100,Yes
4446,6.59,131,9,97,9,No,1,1,62,Yes
21,9.13,89,6,57,9,Yes,1,5,96,Yes
2565,5.36,93,8,79,6,No,2,1,76,No
668,7.16,110,5,79,2,No,5,3,99,Yes
959,9.19,121,10,54,9,Yes,4,0,82,Yes
3877,9.0,108,5,93,6,No,3,4,69,Yes
1829,7.92,127,4,54,10,Yes,5,3,83,Yes
2253,8.94,110,10,76,4,Yes,6,0,66,Yes
4072,6.77,107,7,86,10,Yes,0,2,74,Yes
3798,5.76,97,8,55,6,Yes,4,3,88,Yes
2741,5.28,82,5,85,7,Yes,3,1,71,Yes
5000,6.26,124,6,91,8,No,6,5,65,Yes
546,6.55,110,6,64,10,No,2,2,88,Yes
4926,6.64,129,10,48,5,Yes,5,1,86,Yes
4747,5.57,83,6,45,10,Yes,1,0,90,No
2365,7.54,103,10,58,3,No,4,2,89,Yes
3365,7.48,90,7,57,2,No,1,2,92,No
545,7.88,125,8,75,7,No,3,5,87,Yes
1093,7.96,132,4,71,10,Yes,3,4,97,Yes
3406,7.07,109,6,51,4,No,0,5,70,No
1438,9.59,117,4,60,5,Yes,0,1,95,Yes
1549,7.9,145,9,53,4,Yes,3,0,73,Yes
4125,6.74,124,6,91,8,Yes,6,1,71,Yes
1298,9.17,81,5,66,9,Yes,5,0,71,Yes
3528,6.65,91,6,68,10,No,2,5,88,No
4113,8.11,144,6,95,4,No,6,3,91,Yes
975,7.63,92,5,60,2,No,5,2,89,Yes
2979,8.22,129,5,85,2,No,5,1,83,Yes
4421,5.8,120,4,59,2,No,3,0,88,No
4556,8.34,122,4,45,10,Yes,5,0,84,Yes
1842,7.05,122,3,48,2,No,0,1,79,No
2690,7.89,111,7,49,3,No,6,1,76,Yes
3612,7.86,124,6,89,10,Yes,4,5,94,Yes
10,9.53,120,6,81,9,Yes,5,3,69,Yes
3470,5.78,115,10,85,3,No,5,0,63,No
4564,8.28,115,10,99,4,No,3,5,80,Yes
3704,9.38,121,10,82,8,No,5,2,89,Yes
3102,8.03,121,6,55,9,Yes,2,0,95,Yes
2664,9.16,111,7,82,10,No,2,1,99,Yes
3277,9.06,117,5,74,9,Yes,5,0,87,Yes
4299,6.37,124,3,59,5,No,4,5,85,No
3627,8.67,124,9,91,6,No,4,3,84,Yes
4494,5.69,98,5,54,2,No,2,1,64,No
4776,6.65,99,7,83,2,Yes,5,3,91,Yes
2135,8.33,130,3,42,10,No,5,2,69,Yes
1790,5.0,145,9,78,8,No,3,0,63,No
1536,5.75,136,8,46,6,No,1,5,98,No
4160,6.51,139,3,42,2,Yes,4,5,63,No
1114,8.93,137,5,96,2,No,2,4,86,No
4414,5.62,141,3,65,2,No,3,2,98,No
697,6.37,102,5,50,5,Yes,2,4,68,No
122,9.72,96,7,91,4,Yes,6,0,68,Yes
2802,9.03,97,9,83,7,Yes,3,4,72,Yes
4356,7.64,141,3,43,4,No,1,5,66,No
4618,6.92,113,3,64,6,No,5,4,86,Yes
240,6.08,98,10,98,2,No,3,4,93,No
1760,8.74,94,5,93,10,No,1,5,84,No
246,6.54,106,8,60,8,Yes,6,1,69,Yes
69,8.99,91,7,96,9,Yes,3,4,99,Yes
3823,9.78,144,9,50,5,Yes,3,5,81,Yes
549,5.74,84,10,62,4,Yes,2,4,75,No
3602,6.25,107,6,52,2,No,5,2,97,Yes
3725,5.2,80,8,69,3,No,1,0,93,No
3166,5.09,120,6,87,4,No,5,2,71,No
1533,6.51,105,6,99,3,Yes,0,5,72,No
2662,6.43,118,10,67,2,Yes,4,4,87,No
1868,9.69,110,9,81,3,No,6,4,80,Yes
4468,6.34,123,6,74,9,Yes,0,5,91,Yes
2625,8.01,112,6,77,8,No,0,3,73,No
2705,8.48,138,5,64,8,Yes,5,2,85,Yes
3154,8.74,97,5,63,6,No,0,1,86,Yes
1747,8.23,98,9,79,6,No,4,4,79,Yes
2865,5.14,112,4,72,9,Yes,0,4,99,Yes
1907,9.07,97,3,53,9,Yes,3,4,70,No
4465,6.77,110,4,72,10,Yes,2,2,98,Yes
109,8.46,97,4,97,2,Yes,3,0,97,Yes
3029,6.4,129,5,67,9,Yes,0,5,67,No
2669,8.2,123,6,75,8,Yes,5,4,95,Yes
547,6.91,84,7,78,2,No,2,0,79,Yes
924,5.91,106,9,100,8,Yes,1,0,82,No
2946,6.24,95,6,40,2,No,6,4,81,No
275,6.92,144,9,74,2,No,2,5,94,No
2354,5.11,118,4,87,8,No,6,0,60,Yes
4177,6.81,142,10,47,4,Yes,4,3,71,Yes
4797,6.62,128,9,53,9,Yes,3,4,97,Yes
1239,8.05,81,6,48,8,No,1,5,72,No
951,5.53,107,5,52,2,No,6,1,76,Yes
1157,7.72,139,5,64,8,Yes,4,3,80,Yes
933,8.19,111,6,78,8,No,1,3,100,No
4863,9.05,92,10,42,7,No,2,2,82,Yes
2357,5.08,95,7,98,9,Yes,6,1,91,Yes
1844,5.33,80,8,61,9,Yes,1,5,100,No
2391,7.01,143,8,88,8,No,0,1,62,Yes
271,5.85,130,8,58,9,No,6,1,80,Yes
3380,9.27,80,8,78,8,Yes,3,2,64,Yes
1895,6.67,125,10,67,8,No,3,0,73,Yes
3031,6.72,135,7,96,3,No,3,4,98,No
2827,6.91,96,6,66,5,Yes,4,5,82,No
763,6.74,95,6,94,9,Yes,3,2,79,No
2526,6.26,100,6,89,9,No,4,3,98,Yes
3437,7.38,124,5,62,9,Yes,0,3,73,No
146,5.73,89,5,100,9,No,4,4,88,Yes
3610,6.89,143,5,71,8,No,4,3,90,Yes
3149,5.95,123,7,79,9,No,1,4,84,No
1763,8.88,116,4,74,6,Yes,3,4,90,Yes
4810,7.86,102,6,85,8,Yes,6,3,92,Yes
3746,7.91,108,9,93,2,No,0,4,77,Yes
1937,7.78,121,8,78,2,Yes,0,0,61,Yes
2980,9.69,127,3,73,3,Yes,1,5,74,Yes
1667,8.46,133,3,89,2,No,5,2,99,Yes
3538,7.89,107,6,63,4,No,3,5,85,No
1593,8.62,126,6,92,6,Yes,6,3,62,Yes
1330,5.15,90,10,75,7,Yes,5,4,83,No
1541,9.67,123,4,66,7,No,3,3,94,No
3814,8.96,84,8,79,3,Yes,0,4,86,No
1525,5.68,143,6,66,9,Yes,2,5,70,No
3954,6.46,114,9,84,4,Yes,0,3,81,No
464,7.34,88,7,63,5,Yes,1,4,83,No
898,5.04,118,7,92,7,No,3,3,97,Yes
642,7.55,125,9,79,6,Yes,2,0,76,Yes
482,6.78,141,7,59,7,No,3,5,68,Yes
1038,5.45,103,10,51,4,Yes,3,5,71,No
1996,5.35,127,3,70,3,Yes,2,4,63,No
639,8.48,101,6,76,7,Yes,2,0,63,Yes
330,7.49,127,10,87,3,No,4,1,100,Yes
4920,6.79,110,5,92,6,No,4,3,97,No
919,6.41,130,5,44,2,No,1,3,82,No
4389,8.67,121,10,72,10,Yes,5,3,72,Yes
2393,9.53,110,3,57,6,No,0,4,74,No
1906,7.8,94,10,91,2,Yes,6,2,70,Yes
218,8.6,117,3,40,6,No,0,2,78,No
3929,8.04,97,6,85,5,No,4,4,70,No
4074,7.97,129,9,85,2,No,3,1,82,Yes
4569,7.7,138,4,67,4,No,4,3,79,No
4312,7.98,83,6,51,5,No,0,4,87,No
135,9.18,131,4,49,2,Yes,4,1,84,Yes
2961,9.34,142,10,62,10,Yes,3,0,73,Yes
4264,9.58,87,3,58,3,Yes,0,3,85,Yes
1911,5.77,95,10,100,7,No,5,1,96,Yes
4979,5.15,96,3,71,7,No,5,1,62,No
1838,6.73,110,8,65,4,No,2,4,87,No
4623,9.35,115,5,79,6,No,5,3,91,Yes
4583,9.34,116,6,84,7,Yes,3,4,85,Yes
1111,9.54,104,7,51,5,No,5,2,85,Yes
1692,5.88,107,4,54,2,Yes,6,4,94,Yes
2696,9.36,89,6,67,9,No,2,3,84,Yes
3844,8.11,123,6,83,7,Yes,6,0,88,Yes
1837,7.54,95,10,75,2,No,6,1,90,No
1444,7.9,124,6,69,6,No,0,3,99,No
2778,7.55,87,3,53,10,No,4,5,62,No
4574,8.18,115,10,70,9,No,0,2,62,Yes
3446,9.79,94,6,79,3,No,3,0,73,Yes
2929,5.29,111,5,86,5,Yes,2,0,66,Yes
705,9.1,127,9,63,2,Yes,2,2,88,No
4678,5.48,138,10,40,5,Yes,4,0,93,Yes
2732,5.07,115,5,63,9,Yes,6,1,74,Yes
4152,7.29,108,10,50,2,Yes,3,1,78,Yes
133,8.66,108,9,94,10,No,6,4,99,No
4321,8.99,118,5,91,2,No,6,5,78,Yes
2419,5.42,102,3,90,2,No,5,3,85,No
2706,6.24,81,10,41,2,Yes,6,5,77,No
4600,9.13,90,5,94,10,No,3,1,92,Yes
4517,7.44,88,7,49,7,Yes,6,5,81,Yes
2004,8.29,88,10,97,6,Yes,6,5,83,Yes
4318,5.62,143,10,68,4,No,2,2,88,Yes
1557,8.57,83,10,51,2,Yes,5,1,89,Yes
4896,7.36,90,7,85,3,No,4,0,76,No
1174,7.26,103,7,48,7,No,4,2,97,Yes
1665,8.92,134,8,98,4,Yes,6,1,76,Yes
675,6.8,108,4,70,9,Yes,3,1,73,Yes
4890,8.32,112,4,40,7,No,1,4,65,No
157,9.01,84,8,96,4,No,1,1,71,Yes
1545,5.09,117,10,41,8,No,0,1,97,No
3288,6.44,132,5,73,2,No,2,0,67,No
175,7.39,114,4,86,8,Yes,4,1,94,Yes
1853,5.65,99,3,60,4,No,4,5,89,No
3150,5.53,131,7,54,10,No,5,0,70,Yes
4672,9.24,85,10,41,3,No,4,4,70,No
1608,5.46,134,6,42,2,Yes,2,4,77,No
4560,9.62,109,5,84,5,Yes,3,3,90,Yes
405,6.26,105,8,85,8,Yes,0,4,91,Yes
3747,5.02,88,10,43,2,No,1,3,85,No
2110,5.15,145,8,51,5,Yes,0,1,67,No
2035,7.22,139,3,84,4,Yes,3,0,65,Yes
3048,6.68,120,3,70,2,Yes,2,5,99,No
1783,6.04,109,6,60,7,No,4,1,95,Yes
1975,8.76,97,6,60,6,Yes,4,2,66,No
4526,7.11,106,10,79,4,Yes,0,3,95,No
1162,8.95,141,8,95,2,Yes,4,5,92,Yes
2870,5.27,127,6,65,6,Yes,6,5,69,No
3095,9.77,109,7,52,3,Yes,2,3,75,Yes
3156,5.52,94,10,51,4,Yes,0,2,91,Yes
2817,7.86,110,4,75,9,No,5,0,79,Yes
3302,8.73,105,9,85,10,No,3,0,60,Yes
1624,5.94,89,4,89,3,Yes,6,1,94,No
3617,8.38,82,7,93,3,Yes,3,1,93,Yes
1394,6.49,88,9,100,6,Yes,5,0,84,Yes
1748,5.76,111,9,88,4,Yes,5,4,87,No
2963,7.86,131,9,87,5,Yes,4,0,69,Yes
4053,7.82,144,10,51,6,Yes,1,2,73,Yes
2680,7.21,118,3,53,8,No,2,4,65,Yes
4056,5.85,110,3,61,9,No,4,1,76,No
853,8.26,124,6,77,10,Yes,1,5,94,No
1777,8.39,133,9,95,6,No,5,4,98,Yes
2071,6.28,129,4,99,6,Yes,5,2,94,Yes
1767,8.73,123,6,71,8,Yes,6,5,62,Yes
3609,5.8,111,10,76,5,No,1,3,72,Yes
3787,6.46,102,5,45,3,No,0,5,78,No
2911,7.21,126,8,68,4,No,6,3,66,Yes
3991,6.92,130,9,78,6,No,1,3,60,Yes
3041,8.01,99,8,87,2,Yes,0,2,80,Yes
3778,5.81,111,7,40,9,No,0,3,75,No
4854,5.29,128,7,64,6,No,6,3,84,No
352,8.91,128,7,86,6,Yes,5,0,96,No
1443,9.73,111,5,46,10,No,4,2,66,Yes
3142,8.46,96,6,54,4,No,3,0,77,Yes
2240,5.99,143,5,73,8,No,0,0,71,Yes
1148,9.21,137,5,56,7,No,3,4,86,Yes
4032,9.59,112,3,68,2,Yes,2,4,65,Yes
3076,7.81,98,8,91,6,Yes,6,2,88,Yes
3650,7.48,124,10,53,8,No,2,5,78,Yes
139,8.2,85,6,65,2,Yes,2,1,68,Yes
2536,6.11,91,9,71,3,Yes,0,2,93,No
2220,9.69,121,10,63,3,Yes,0,2,63,Yes
4683,8.28,108,3,73,9,No,0,5,73,No
1233,8.62,109,7,49,3,Yes,6,4,70,No
4105,5.32,115,8,93,8,No,2,2,87,No
4319,5.23,93,8,51,3,Yes,2,4,79,No
4409,6.01,142,7,88,7,No,5,1,62,Yes
1130,6.04,129,6,71,3,Yes,6,4,93,No
2756,8.28,132,8,76,3,No,2,1,93,Yes
1516,5.29,135,4,83,9,Yes,5,5,65,No
4199,7.57,129,7,80,5,Yes,3,0,93,Yes
1392,9.78,133,6,53,3,No,2,3,76,Yes
2010,8.96,84,8,97,7,Yes,3,5,79,Yes
1439,9.76,83,10,54,5,Yes,1,3,73,No
1011,6.29,136,10,50,4,Yes,3,0,82,Yes
2619,6.4,132,10,76,6,Yes,6,1,87,Yes
2824,7.94,143,6,78,9,No,2,1,66,Yes
3047,7.98,102,6,73,7,No,3,2,88,Yes
1288,6.32,105,9,51,2,Yes,4,2,67,No
3426,8.56,109,7,91,10,No,3,0,72,No
4270,6.31,141,5,61,8,Yes,2,3,89,Yes
1869,5.32,100,6,95,3,Yes,1,5,96,No
1396,5.75,140,3,43,5,No,5,2,83,No
4185,7.33,145,9,43,5,No,2,5,82,No
769,8.29,120,10,70,4,Yes,5,4,80,Yes
4996,8.6,115,10,99,3,No,0,4,99,Yes
4288,8.16,111,10,89,6,No,6,5,67,Yes
94,9.22,88,7,89,8,Yes,6,4,77,Yes
2294,8.54,105,9,78,4,No,6,2,74,Yes
3187,5.16,141,5,85,9,Yes,0,5,100,Yes
23,9.15,86,4,43,8,No,6,0,75,Yes
585,6.83,101,8,76,4,Yes,1,1,63,No
3700,5.67,98,6,82,4,Yes,4,3,68,No
2091,7.68,103,4,94,9,No,6,5,87,Yes
986,9.09,84,4,47,10,Yes,4,1,87,Yes
1403,8.59,105,5,54,10,Yes,1,1,65,Yes
351,7.1,142,8,51,10,No,4,2,74,No
3630,6.16,143,5,78,2,No,2,5,93,No
2801,6.13,116,7,41,2,No,2,1,70,Yes
1744,6.7,82,5,48,3,Yes,6,0,67,Yes
814,6.09,108,10,56,7,No,6,0,95,Yes
1128,9.69,121,10,54,3,Yes,2,5,65,Yes
604,8.98,118,6,73,6,Yes,2,0,72,Yes
2675,9.31,145,6,84,9,Yes,1,0,91,Yes
1939,6.81,128,7,90,10,No,3,3,86,No
1544,5.2,109,5,95,4,No,2,3,100,No
4647,8.43,80,10,96,2,Yes,4,5,75,Yes
768,5.96,119,8,76,3,Yes,1,4,68,No
2089,6.87,143,4,88,10,No,6,1,84,Yes
1270,5.96,92,10,61,3,Yes,3,4,70,No
3918,5.68,119,5,61,8,Yes,0,4,94,No
596,5.01,83,10,80,3,No,1,4,86,No
3551,5.81,95,9,43,3,No,0,5,68,No
3676,5.95,123,9,82,9,Yes,2,2,97,Yes
1000,9.23,109,7,80,3,No,3,2,65,Yes
3944,7.73,93,8,44,6,Yes,4,3,76,Yes
2446,8.09,107,3,92,8,No,6,0,95,Yes
4752,7.3,118,4,88,2,Yes,3,4,80,No
574,7.94,109,6,83,2,Yes,5,3,68,Yes
2453,8.66,131,5,76,2,No,6,4,97,No
2325,6.96,136,7,90,6,No,6,0,70,Yes
1702,8.13,94,3,66,3,Yes,3,1,69,Yes
1540,9.45,97,5,46,10,Yes,5,1,65,Yes
499,8.84,141,3,72,7,Yes,5,1,89,Yes
3584,9.62,100,3,56,9,Yes,3,3,84,Yes
4231,8.75,128,9,64,2,Yes,1,3,84,Yes
756,5.84,85,10,90,2,Yes,0,2,98,No
3890,7.5,107,9,89,4,Yes,2,0,62,Yes
3072,6.75,99,9,92,2,No,6,2,71,Yes
3217,6.06,90,7,45,5,No,4,0,67,Yes
2336,8.42,144,9,43,2,Yes,0,5,72,No
1224,8.41,140,4,48,2,No,0,5,70,No
1079,6.58,120,8,78,9,Yes,5,3,67,Yes
2623,5.66,91,8,75,7,No,5,2,70,Yes
3484,5.71,135,8,98,5,No,1,4,83,No
1704,9.12,98,6,64,7,Yes,5,5,75,Yes
1483,8.11,140,9,58,8,Yes,5,1,91,Yes
3876,9.13,112,8,86,5,No,0,0,87,Yes
4188,5.92,80,6,91,4,No,5,5,69,No
2857,8.46,92,4,49,5,No,4,0,77,Yes
3683,6.45,91,3,72,8,No,0,2,72,No
1661,7.82,95,5,46,9,Yes,5,0,78,Yes
1620,6.05,105,3,64,7,Yes,1,0,70,No
589,6.33,106,3,51,4,Yes,2,0,69,Yes
1522,9.54,107,4,41,8,No,2,2,72,No
2378,6.41,127,4,58,6,No,3,4,95,No
539,7.33,92,3,76,8,No,4,4,97,No
3084,7.32,81,9,82,9,Yes,4,1,89,Yes
4273,5.65,87,9,64,9,Yes,2,2,60,No
1441,9.07,131,9,87,6,No,2,2,87,Yes
3381,7.79,112,9,97,5,No,0,0,69,Yes
1294,8.3,101,3,100,8,Yes,4,1,87,Yes
16,8.66,80,8,71,2,Yes,2,2,75,No
1005,7.47,86,9,71,8,Yes,0,2,75,Yes
3574,5.41,98,7,98,6,No,1,5,66,No
2550,8.23,122,8,95,3,Yes,2,5,81,No
1072,5.07,119,4,71,3,No,1,2,70,No
2482,5.85,124,9,79,4,No,5,4,95,No
4141,5.35,95,7,77,9,Yes,3,2,96,No
2033,9.13,91,5,77,8,Yes,3,0,74,Yes
2475,6.41,128,8,48,6,Yes,2,1,87,No
1326,8.22,131,5,83,6,Yes,3,1,61,Yes
3256,6.91,116,4,70,8,Yes,5,5,74,Yes
3864,7.04,95,9,46,7,No,4,4,99,No
3511,5.06,135,9,96,10,Yes,5,0,85,Yes
1455,6.47,127,4,51,5,No,3,1,94,No
1548,6.23,105,8,97,6,Yes,5,2,88,No
3632,9.52,141,3,63,5,No,1,5,94,No
2469,7.68,97,3,55,3,No,5,1,86,No
3666,5.38,123,3,55,2,No,0,4,87,No
2249,5.65,107,10,53,8,Yes,2,5,93,No
4785,8.74,127,4,53,10,No,2,2,75,Yes
1613,7.88,129,10,53,5,Yes,0,3,88,Yes
3252,5.93,118,9,93,2,No,5,5,95,Yes
2513,9.76,85,5,42,3,No,4,0,94,Yes
2651,8.13,80,5,95,8,No,5,1,75,Yes
2478,8.42,132,5,52,4,Yes,0,3,85,Yes
2845,5.31,128,9,97,10,No,5,3,82,Yes
4531,7.34,81,3,60,5,No,2,5,92,No
1121,7.56,85,8,81,2,Yes,0,3,79,No
2825,9.74,119,5,82,8,No,3,3,82,Yes
3595,6.22,138,9,98,5,No,3,2,97,Yes
1701,6.2,85,4,83,8,Yes,1,2,67,No
3838,6.07,94,3,71,8,No,5,5,62,No
1156,6.55,97,6,56,4,Yes,1,2,79,No
953,6.64,110,10,71,3,Yes,2,0,97,Yes
2659,9.08,94,6,56,10,Yes,1,4,66,No
3800,8.05,143,9,85,8,No,2,0,94,Yes
1118,7.69,89,9,83,8,Yes,2,1,72,Yes
955,6.62,134,8,63,7,No,6,1,83,Yes
2161,6.29,137,10,70,7,No,1,2,96,No
369,7.03,135,6,92,4,No,2,2,64,No
2547,7.57,123,5,42,4,Yes,1,0,96,No
1173,9.12,97,7,90,6,No,0,5,90,No
4741,7.28,104,4,44,7,Yes,2,1,94,Yes
2184,5.55,131,5,65,9,Yes,3,4,79,Yes
2875,6.96,94,10,78,4,Yes,6,2,64,Yes
342,5.66,105,6,80,10,No,3,5,82,No
1377,6.25,117,3,48,3,No,5,5,80,No
4900,8.3,88,6,66,10,No,4,0,87,Yes
3469,6.53,103,6,60,3,No,5,1,95,No
416,8.09,100,10,94,9,No,0,3,80,Yes
2917,6.6,108,8,84,8,No,6,1,98,Yes
3433,9.76,88,10,45,2,No,1,5,95,Yes
945,8.1,113,10,100,4,Yes,4,4,70,No
2230,5.9,115,9,71,3,No,3,5,84,No
1981,7.63,117,5,64,10,No,4,4,85,No
3248,6.91,99,8,60,4,No,6,5,63,No
2721,8.45,112,6,92,8,No,0,2,81,Yes
4862,7.23,131,5,84,3,No,5,0,61,Yes
4277,8.63,129,7,62,7,No,1,3,67,No
1958,5.81,89,10,62,2,No,0,0,98,Yes
1894,7.36,105,9,51,3,No,0,0,96,No
524,6.35,96,10,86,2,Yes,1,0,91,No
92,5.45,94,10,100,3,No,1,3,78,No
2674,7.96,89,9,46,7,No,5,4,65,No
1567,7.59,100,5,92,5,No,3,0,86,Yes
443,5.19,121,9,98,3,Yes,4,5,78,No
3335,8.29,109,4,87,4,No,3,5,99,No
1550,7.74,118,6,96,6,Yes,0,5,100,No
1821,9.06,96,8,73,5,No,5,0,94,Yes
1462,5.95,134,9,67,8,Yes,0,3,66,No
4898,7.42,131,5,53,9,No,4,3,64,Yes
3190,7.73,93,7,62,6,No,1,3,89,Yes
4026,9.33,136,5,69,9,Yes,5,1,95,Yes
3174,7.98,127,8,94,3,Yes,1,4,62,No
315,6.91,116,9,67,8,Yes,4,4,99,No
3450,6.11,91,5,42,8,Yes,3,2,82,Yes
806,9.07,117,3,71,8,No,4,5,99,Yes
2899,5.84,93,8,51,6,No,0,4,85,No
4626,6.22,132,4,58,4,No,0,3,84,No
1784,9.01,116,3,97,7,No,5,0,69,Yes
3131,5.03,80,3,60,3,No,1,4,91,No
4535,7.05,117,4,60,5,Yes,0,3,61,No
2009,7.16,122,8,45,7,No,1,1,96,No
2649,8.03,81,10,91,10,Yes,3,0,62,Yes
2024,6.86,136,10,56,2,No,1,3,92,No
3948,8.28,85,4,78,3,No,5,3,68,No
3658,6.7,87,5,83,9,Yes,1,0,67,No
3258,5.91,88,9,94,9,Yes,0,1,69,No
2070,9.43,81,10,95,6,Yes,2,5,97,Yes
4164,5.32,108,5,46,5,No,2,2,68,No
4530,8.22,114,9,50,6,No,2,2,61,Yes
314,8.28,140,4,41,3,Yes,1,0,63,Yes
3287,7.62,117,8,75,2,Yes,5,5,66,No
3641,6.44,113,10,70,9,Yes,1,1,61,Yes
2871,8.77,110,4,55,6,Yes,2,2,88,Yes
4251,9.38,101,7,76,3,No,3,0,100,Yes
623,7.8,145,9,94,4,No,0,2,95,Yes
2192,5.82,125,4,48,7,Yes,2,4,92,No
1292,5.67,120,9,54,5,Yes,1,1,78,No
4315,6.11,112,6,87,9,No,1,3,61,Yes
1219,8.68,126,6,69,7,No,0,5,75,No
4337,8.13,112,6,88,5,Yes,3,3,83,Yes
4841,6.66,143,5,40,4,No,2,4,91,No
2779,8.06,87,7,43,6,Yes,2,3,84,Yes
3983,5.04,100,5,96,4,Yes,5,2,81,No
3080,8.11,92,6,68,8,No,6,0,94,Yes
1060,8.98,144,7,85,5,Yes,1,2,65,Yes
3191,6.25,141,7,76,2,No,3,4,92,No
726,9.09,140,8,84,4,Yes,0,1,82,Yes
1899,5.12,88,4,43,9,No,5,3,67,No
3568,8.58,117,3,50,3,No,6,3,68,No
1260,8.89,90,4,75,4,Yes,3,4,75,No
2810,6.86,116,6,91,4,Yes,1,0,91,Yes
2733,7.98,123,7,62,4,No,6,0,80,Yes
3868,8.96,145,3,84,5,No,5,5,81,Yes
3698,5.05,99,9,90,2,No,4,3,77,No
1505,6.61,145,9,66,7,Yes,2,5,76,Yes
682,8.33,132,6,48,7,Yes,5,0,61,No
3397,5.72,144,10,68,10,Yes,2,3,65,Yes
3263,9.19,94,4,59,5,Yes,3,2,61,Yes
4991,5.18,86,9,43,8,No,5,1,91,Yes
897,8.24,112,7,87,6,Yes,4,1,94,Yes
4805,7.96,89,9,49,10,No,3,0,79,Yes
4714,5.26,140,10,48,6,No,6,3,77,Yes
3057,8.72,124,10,87,6,No,2,4,66,Yes
3634,7.52,115,3,70,5,No,0,2,65,No
4213,6.02,104,8,57,6,No,0,3,64,No
1722,5.47,82,7,52,4,No,1,5,62,No
4765,5.08,104,6,64,9,No,5,5,65,No
599,8.99,104,8,93,7,No,3,3,62,Yes
2749,5.63,88,4,65,9,No,5,3,61,No
2714,9.54,120,6,60,9,No,1,5,93,Yes
1913,7.01,120,10,82,3,No,1,1,84,Yes
1824,5.81,102,8,94,7,Yes,1,4,85,No
3717,8.85,107,8,97,10,No,0,2,60,Yes
4980,8.81,86,10,58,5,No,5,3,76,Yes
1848,9.56,88,6,91,4,No,6,0,68,Yes
4573,5.13,127,9,86,5,No,5,4,86,No
4269,6.67,111,4,65,5,No,2,4,79,Yes
1009,5.49,142,6,45,10,No,1,3,67,Yes
940,5.35,97,10,52,4,No,0,0,92,No
875,5.32,104,5,80,10,Yes,3,3,99,Yes
1794,7.8,136,9,80,4,Yes,2,1,100,Yes
3242,8.19,113,4,99,5,Yes,1,0,90,Yes
1407,5.06,141,10,94,7,Yes,6,4,85,Yes
4008,9.55,92,10,71,7,Yes,4,5,60,No
4888,7.34,132,3,81,5,Yes,2,0,90,Yes
3140,5.03,126,3,86,3,No,3,4,90,No
2160,8.37,103,9,67,5,Yes,4,5,80,Yes
2855,9.76,82,5,75,3,Yes,2,1,64,Yes
3529,7.85,144,6,68,6,Yes,2,2,62,Yes
854,6.44,130,4,93,4,No,2,3,73,No
3845,9.41,132,10,69,10,No,4,4,70,Yes
2000,7.76,119,8,84,6,Yes,5,1,96,Yes
375,9.12,92,6,48,6,No,3,2,77,Yes
4417,6.46,121,4,71,2,No,1,1,82,No
1520,7.23,99,5,87,8,Yes,0,1,80,Yes
1535,8.13,133,4,63,9,No,1,3,100,Yes
1811,8.16,101,5,54,7,Yes,1,0,85,Yes
1387,5.71,119,5,46,2,No,6,0,68,No
2394,5.75,104,6,53,4,Yes,1,1,82,No
2137,6.26,84,7,53,7,Yes,1,4,83,Yes
2271,6.31,107,5,57,7,No,1,4,64,No
2233,8.31,94,3,74,10,Yes,1,4,61,Yes
2204,8.54,113,4,75,7,Yes,6,1,60,No
1179,6.08,100,9,92,10,No,1,0,97,No
794,8.11,90,7,69,8,Yes,6,3,79,Yes
3266,9.43,92,5,41,6,No,1,3,70,No
1493,5.41,81,3,61,3,Yes,2,1,69,No
2473,9.44,108,10,63,5,Yes,4,2,96,Yes
3451,7.76,141,9,42,3,Yes,4,2,60,Yes
3591,8.93,115,10,50,8,No,3,0,65,No
3269,7.25,109,10,98,5,No,2,3,97,Yes
1232,5.79,116,7,71,9,Yes,1,2,76,Yes
1499,6.63,90,8,44,4,Yes,2,5,85,No
4059,6.29,133,3,67,8,No,4,3,67,Yes
2040,8.71,110,10,74,5,Yes,3,4,69,Yes
3532,7.54,122,5,47,4,No,5,2,84,No
1925,6.03,94,6,62,4,No,6,1,86,No
1105,7.37,126,6,65,3,No,0,3,64,No
4334,7.47,141,5,57,4,No,3,5,78,Yes
1325,8.81,86,8,76,9,Yes,3,2,71,Yes
3539,8.91,145,8,60,2,No,0,1,97,Yes
4734,7.14,109,4,90,5,No,6,3,81,Yes
3707,5.79,84,8,66,3,Yes,3,2,72,Yes
1030,6.84,129,9,78,6,Yes,0,1,96,Yes
3499,6.7,131,5,89,10,Yes,1,1,91,Yes
1690,8.55,132,3,41,6,Yes,5,0,68,Yes
2118,6.68,100,5,69,8,No,3,2,75,Yes
581,6.41,86,5,69,9,Yes,4,0,71,No
4408,8.3,144,4,41,10,No,6,2,93,Yes
3016,5.66,82,4,46,5,No,0,2,90,No
4440,7.52,102,3,68,4,No,1,3,72,No
120,8.08,82,3,90,7,Yes,1,4,73,No
1409,5.89,123,10,89,10,No,0,5,81,Yes
2330,6.33,116,4,89,3,Yes,5,4,91,Yes
4364,9.53,132,7,94,9,Yes,2,5,83,Yes
3810,8.91,80,10,70,7,Yes,4,4,79,Yes
2691,8.57,122,7,75,6,No,0,1,80,Yes
2055,7.46,130,8,63,2,Yes,2,2,79,Yes
2527,9.12,103,9,42,2,No,4,3,62,No
808,6.29,133,10,47,9,No,5,2,88,Yes
1383,9.77,89,9,92,6,No,5,1,81,Yes
68,8.52,114,10,69,8,No,4,2,80,Yes
860,8.64,125,6,45,6,No,1,1,91,Yes
3719,9.7,93,9,75,9,Yes,6,1,89,Yes
3097,8.39,95,3,96,4,No,2,0,65,No
113,8.86,126,4,90,8,Yes,4,0,89,Yes
2154,9.31,94,10,46,4,Yes,3,3,76,Yes
4551,8.02,86,9,80,9,Yes,0,2,77,Yes
1503,9.78,138,4,61,10,Yes,6,4,60,Yes
4155,7.3,120,7,65,9,Yes,1,0,85,Yes
4340,5.44,80,10,98,9,Yes,5,5,71,Yes
1582,6.2,129,5,89,8,Yes,1,1,81,Yes
3476,9.56,140,4,92,3,Yes,4,1,64,Yes
4271,7.46,85,6,67,2,Yes,0,2,82,No
4285,8.28,89,8,49,8,No,1,1,69,No
4360,9.74,126,8,75,4,Yes,5,2,83,Yes
4798,5.04,83,8,55,10,Yes,4,4,64,Yes
3795,5.47,87,8,96,4,Yes,2,3,94,Yes
4415,7.99,122,9,81,7,No,6,5,92,Yes
2052,9.63,115,4,79,8,Yes,1,4,65,Yes
180,7.54,130,8,81,6,Yes,0,0,71,Yes
2092,8.66,113,9,70,5,Yes,6,2,68,Yes
2730,5.6,94,8,61,5,No,3,4,66,No
3794,9.78,120,6,90,4,No,4,5,61,Yes
3692,6.44,91,5,58,4,No,3,3,78,No
520,5.03,127,6,66,10,Yes,1,1,84,Yes
3913,9.45,113,6,99,9,No,2,3,60,Yes
4617,9.04,122,9,49,7,No,0,2,70,No
3590,9.47,107,4,78,9,Yes,0,5,83,No
4094,7.2,139,10,55,8,Yes,3,3,79,Yes
1123,7.18,95,8,100,3,Yes,0,0,68,No
203,7.49,99,5,60,7,Yes,4,5,79,Yes
1802,7.15,117,7,56,2,No,1,4,80,No
1597,6.89,139,8,59,10,No,2,3,92,Yes
75,7.32,116,4,93,5,Yes,2,1,79,No
3291,6.56,104,10,81,9,No,1,2,77,Yes
41,9.41,124,7,92,5,Yes,5,1,85,Yes
731,7.51,90,4,49,8,Yes,4,0,70,No
110,5.63,117,8,87,8,Yes,1,4,83,No
4167,6.5,137,3,86,5,No,1,1,95,Yes
193,8.29,118,10,44,2,Yes,3,3,89,No
4650,9.07,134,7,63,3,No,0,5,63,No
1369,6.47,125,8,68,6,Yes,3,3,60,Yes
3209,7.34,117,7,71,2,No,3,1,86,No
1710,8.16,119,9,41,3,No,0,1,78,No
3219,8.05,136,3,59,6,No,4,2,86,No
2387,9.76,143,5,74,3,Yes,4,0,84,Yes
3713,5.23,115,5,53,5,No,0,3,62,No
1015,7.4,110,3,83,7,Yes,4,5,60,No
3444,6.41,104,5,55,9,Yes,5,0,96,Yes
4721,7.24,83,3,66,5,Yes,5,1,97,Yes
1893,5.26,109,8,45,2,No,2,2,93,No
4827,6.74,94,9,85,4,Yes,2,0,62,Yes
4636,8.7,124,7,91,6,No,5,3,97,Yes
4928,6.13,142,10,70,8,No,4,2,97,Yes
1323,9.71,90,8,99,6,Yes,0,1,76,Yes
3599,6.06,129,9,95,7,Yes,0,5,88,No
2562,9.39,144,9,42,7,No,0,2,98,Yes
2471,8.08,122,10,97,2,Yes,0,5,78,Yes
870,7.97,92,10,77,3,Yes,0,0,84,Yes
1607,5.59,86,3,94,3,Yes,4,4,77,No
2303,9.04,90,9,70,6,Yes,0,0,61,Yes
2959,9.03,82,4,94,4,Yes,4,3,98,Yes
4983,5.0,88,5,43,5,No,3,1,99,No
3848,8.3,126,10,74,2,No,2,0,61,Yes
46,5.6,118,7,82,8,Yes,5,2,95,No
3535,7.12,138,9,87,3,No,0,3,65,No
334,6.27,95,4,50,6,No,5,4,62,No
1754,6.63,117,3,94,6,Yes,1,1,82,No
1225,5.64,129,9,62,4,Yes,4,1,78,No
728,5.65,126,7,75,2,Yes,3,0,84,No
4357,5.62,145,6,70,6,Yes,1,0,75,Yes
2191,8.95,99,9,64,7,No,6,3,94,Yes
2072,6.19,100,9,92,3,Yes,2,2,73,No
2943,9.53,122,8,41,9,Yes,2,0,96,Yes
4151,7.64,92,4,50,2,No,4,4,87,No
2826,8.64,93,9,91,9,Yes,5,0,92,Yes
964,8.2,95,5,99,10,No,3,0,81,Yes
2882,7.17,130,3,55,2,Yes,4,5,73,No
2890,6.23,92,3,70,2,No,3,1,77,No
233,6.07,80,3,59,9,No,4,3,94,No
3889,6.01,113,6,98,5,No,3,1,68,Yes
1302,5.14,145,5,99,6,No,5,4,72,Yes
1090,8.11,138,9,66,7,Yes,4,3,93,Yes
2708,8.88,80,3,80,8,Yes,4,0,77,Yes
1551,9.27,112,6,72,2,Yes,1,1,81,Yes
77,5.06,116,10,70,9,Yes,0,2,90,No
4509,9.28,116,4,67,3,Yes,2,2,62,Yes
234,6.1,138,8,49,6,Yes,5,0,62,Yes
1429,8.78,138,3,100,8,No,5,5,87,Yes
257,9.41,109,6,97,9,Yes,0,5,77,Yes
4130,6.1,123,9,45,3,No,5,1,60,Yes
2227,5.84,140,6,40,6,No,3,1,80,Yes
3892,9.78,129,9,90,7,Yes,3,0,83,Yes
1257,7.06,108,9,75,6,No,5,4,92,No
155,8.22,91,9,72,7,Yes,2,1,73,Yes
4114,7.41,91,8,83,2,Yes,3,4,92,No
2567,6.46,143,7,51,4,Yes,5,3,92,Yes
1097,5.74,127,8,61,4,No,3,1,95,Yes
3119,9.27,128,7,85,5,No,0,3,99,Yes
1395,5.08,115,8,42,4,No,1,4,60,No
1368,5.75,140,9,89,6,Yes,2,3,79,Yes
1995,7.33,103,5,84,6,No,1,0,68,No
3518,8.54,91,3,82,4,No,3,1,84,Yes
4800,7.34,129,7,91,6,Yes,1,5,80,No
387,8.27,83,10,58,6,No,3,3,62,Yes
912,9.04,118,9,79,4,Yes,1,4,87,Yes
2693,8.78,92,4,90,9,Yes,1,5,66,Yes
1375,6.36,140,5,96,3,Yes,6,5,86,Yes
1406,8.84,86,6,51,2,Yes,0,1,70,No
3464,9.61,139,3,40,8,Yes,3,4,81,Yes
1469,8.97,127,9,42,4,Yes,1,4,76,Yes
780,8.41,135,5,56,3,Yes,1,3,77,Yes
1489,6.02,98,10,46,10,No,2,4,86,No
2873,5.93,90,6,81,6,Yes,4,2,74,Yes
1154,5.39,108,3,70,7,Yes,5,5,84,No
977,5.04,93,5,64,8,No,1,0,66,No
3087,8.15,93,9,92,5,Yes,6,5,70,Yes
2223,8.79,139,4,62,6,No,4,3,72,Yes
2,7.03,83,4,53,5,No,0,4,72,No
1566,8.1,137,5,96,2,Yes,6,5,69,Yes
3114,8.68,136,10,96,9,Yes,2,3,62,Yes
2011,8.2,93,6,46,3,No,3,4,84,No
4176,7.1,84,8,72,4,Yes,6,0,73,Yes
4586,9.1,140,5,61,4,Yes,0,3,98,No
3852,7.22,86,7,82,6,Yes,6,0,89,Yes
1709,6.85,145,5,47,6,No,4,2,66,No
3163,7.17,142,6,93,7,Yes,5,0,78,Yes
2188,8.02,127,5,40,10,No,6,5,77,No
996,8.36,116,7,78,3,No,1,2,84,No
4886,7.28,96,5,80,9,No,6,4,66,Yes
1782,9.75,140,5,65,3,No,3,0,88,Yes
3092,9.58,139,7,51,3,No,1,0,98,Yes
410,9.29,114,4,63,7,Yes,3,3,89,Yes
804,5.1,101,5,87,9,No,3,0,88,Yes
3405,7.21,130,8,64,2,Yes,2,4,76,Yes
4503,8.14,140,6,67,9,Yes,5,3,92,Yes
3941,5.42,111,3,52,3,No,1,4,75,No
2450,9.17,144,10,65,2,No,2,5,80,Yes
3033,6.9,104,3,45,7,No,5,5,69,No
2588,8.12,85,6,45,7,No,4,1,81,Yes
2847,9.53,100,9,93,9,Yes,3,2,93,Yes
212,9.7,124,5,58,2,Yes,5,0,82,Yes
3018,8.46,112,8,86,5,No,5,4,78,Yes
584,8.39,126,4,73,8,No,4,4,70,Yes
2041,7.79,102,7,61,6,No,5,0,92,Yes
1970,5.83,145,3,85,10,No,1,1,67,No
533,6.52,124,10,86,5,Yes,3,2,68,Yes
256,8.37,90,10,94,8,No,2,4,66,Yes
2261,6.25,80,5,51,10,No,6,2,99,Yes
516,7.24,114,10,48,10,Yes,4,3,100,Yes
3297,9.76,108,8,84,7,No,6,2,83,Yes
2593,6.17,108,5,97,8,Yes,5,2,95,Yes
532,9.65,87,3,62,4,No,6,0,68,Yes
1461,7.5,121,9,88,10,No,2,2,68,Yes
327,7.37,105,6,49,2,No,0,1,94,No
247,7.66,133,7,49,5,Yes,3,4,75,Yes
4791,7.6,128,5,63,7,No,5,1,96,Yes
1623,7.75,102,7,75,9,No,1,1,61,Yes
931,5.18,136,8,48,6,Yes,6,0,93,Yes
2151,5.23,138,3,55,7,No,4,3,99,No
1714,6.56,123,8,70,5,No,3,1,87,Yes
70,6.61,143,8,51,9,Yes,6,2,81,Yes
389,9.06,103,7,46,9,Yes,2,5,95,Yes
3299,9.09,93,6,90,9,No,6,4,74,Yes
2840,8.04,82,9,50,2,Yes,3,5,72,No
4405,5.78,130,9,61,8,Yes,3,3,90,Yes
699,5.78,118,4,98,2,Yes,3,1,89,Yes
748,9.6,92,8,57,3,No,4,3,87,No
3494,9.57,127,10,54,5,Yes,5,0,89,Yes
2096,6.62,127,3,97,8,Yes,5,5,90,Yes
3611,7.73,126,9,44,5,No,2,0,91,Yes
2970,5.39,136,8,52,6,Yes,2,3,73,No
2237,6.67,96,4,93,2,Yes,0,3,97,No
2445,5.18,111,10,57,8,No,1,1,61,No
3103,9.0,138,10,95,8,No,0,3,77,Yes
4080,8.6,125,5,61,3,Yes,2,5,95,Yes
228,5.99,142,4,97,10,Yes,0,3,68,Yes
1036,8.58,128,7,95,10,Yes,3,1,80,Yes
1860,9.24,108,5,91,8,Yes,0,4,81,Yes
4812,9.03,102,9,94,9,No,6,3,73,Yes
1096,9.22,113,7,93,8,No,0,3,62,No
2627,7.61,90,10,57,3,Yes,3,0,81,No
3688,6.95,86,3,79,5,No,5,1,73,Yes
1999,7.22,135,8,83,2,Yes,3,2,65,Yes
2532,7.87,127,5,47,9,No,0,2,86,No
963,9.77,83,5,99,7,No,6,2,74,Yes
892,9.3,137,6,65,5,Yes,3,4,70,Yes
190,7.95,91,5,77,4,Yes,4,5,98,No
947,6.21,118,9,77,6,No,6,5,65,No
1055,5.69,133,6,53,5,Yes,1,0,69,No
2791,9.2,105,3,49,10,Yes,1,3,71,Yes
173,9.75,140,7,42,5,Yes,6,0,81,Yes
1589,6.88,127,3,72,2,Yes,5,2,97,Yes
3573,6.99,122,6,58,4,Yes,1,5,67,No
2256,6.81,112,7,44,8,Yes,0,4,89,Yes
272,8.92,130,8,47,5,No,4,1,95,Yes
1875,8.47,136,6,52,5,Yes,4,1,87,Yes
3468,9.64,88,10,53,6,Yes,4,5,78,Yes
4570,8.87,135,9,84,8,No,5,4,65,Yes
715,6.4,89,6,89,4,No,4,1,94,No
2409,5.67,139,5,63,6,No,1,0,92,Yes
4727,5.62,107,5,68,8,Yes,2,5,72,No
178,8.6,100,3,49,9,Yes,0,1,83,Yes
1700,6.21,96,5,92,3,No,1,1,62,No
1361,5.48,107,10,59,2,No,6,0,88,Yes
4689,5.07,136,7,85,8,Yes,0,0,81,Yes
873,8.78,81,10,64,9,No,4,4,66,Yes
2018,8.09,109,4,43,2,No,2,5,99,No
929,8.56,144,3,54,2,No,0,2,75,Yes
2258,5.18,80,5,71,5,Yes,1,3,86,No
3396,7.05,123,5,70,4,No,5,3,61,Yes
778,9.78,85,3,56,10,No,2,3,83,No
4038,6.55,104,5,43,7,No,5,5,71,No
3225,5.89,131,7,44,2,No,0,1,70,No
3259,7.77,88,6,82,4,No,1,4,69,Yes
477,6.78,85,9,54,9,No,3,2,97,No
1070,7.92,123,10,90,4,Yes,2,4,87,No
2745,8.52,111,10,40,3,No,6,2,72,Yes
787,5.39,141,10,80,6,No,0,2,62,No
3423,5.84,91,3,63,4,Yes,4,2,97,No
1328,7.93,138,9,80,7,No,3,4,60,Yes
2682,8.23,132,6,53,7,Yes,0,0,66,Yes
3107,7.6,124,9,41,7,No,1,3,63,No
565,7.55,103,6,72,9,No,5,0,62,Yes
2270,6.29,115,4,41,2,No,3,5,97,No
4172,9.19,137,3,51,8,No,1,4,70,Yes
2755,6.82,106,5,70,10,No,0,3,95,No
4272,8.9,130,4,55,6,Yes,4,3,74,No
4959,7.89,145,5,85,10,No,0,2,73,Yes
3680,9.61,123,6,90,6,Yes,4,2,83,Yes
3427,8.68,135,5,97,9,Yes,3,0,71,Yes
3749,7.83,97,9,72,4,No,0,0,96,Yes
1835,7.28,92,6,91,8,Yes,2,0,61,Yes
805,5.97,130,3,61,2,Yes,6,5,87,Yes
4730,8.13,135,6,64,3,No,2,2,77,No
4452,5.1,128,9,40,10,Yes,1,1,84,No
3679,9.55,105,7,46,9,No,5,0,63,Yes
4783,5.83,126,8,56,5,No,2,4,71,No
4768,8.07,107,4,63,8,No,3,4,65,Yes
417,9.66,86,6,75,8,Yes,1,0,89,Yes
2173,8.48,107,7,82,4,Yes,1,5,87,Yes
2019,6.46,81,6,84,3,Yes,2,1,62,Yes
3540,9.1,104,3,46,2,Yes,6,2,82,Yes
2510,6.62,128,7,84,8,No,1,1,75,Yes
1967,6.22,109,3,91,3,No,4,4,84,No
3999,8.58,140,5,57,6,No,2,0,75,Yes
615,8.36,122,8,69,9,Yes,3,0,82,Yes
4336,9.56,124,4,69,3,No,1,5,81,No
956,6.82,87,8,95,7,No,0,3,85,Yes
84,8.8,116,10,47,9,No,5,3,77,Yes
1068,5.72,128,10,77,2,Yes,1,5,89,No
958,7.97,140,9,82,5,Yes,5,2,61,Yes
3604,9.74,92,5,52,6,No,2,1,81,Yes
1826,8.55,114,9,93,5,No,1,4,96,Yes
2906,5.42,94,10,84,8,No,6,3,81,Yes
3385,9.65,93,9,42,4,No,3,5,79,No
1658,8.36,92,10,78,5,No,0,3,81,Yes
1890,5.99,132,6,46,9,Yes,6,0,91,Yes
4435,7.33,95,7,67,6,No,2,0,70,Yes
2697,7.06,89,6,75,3,Yes,5,3,79,Yes
4500,7.61,85,10,74,8,No,5,5,80,Yes
4679,7.68,80,8,96,6,Yes,4,3,95,Yes
3483,5.78,101,9,70,2,No,5,3,86,No
4140,7.9,144,8,50,10,Yes,4,1,60,Yes
3504,7.11,127,4,70,8,No,3,4,61,Yes
1511,8.44,129,8,80,10,Yes,6,1,91,Yes
504,8.84,99,10,91,2,Yes,3,1,100,Yes
3362,9.72,109,10,90,8,No,3,5,96,Yes
3046,6.33,92,7,78,4,Yes,5,0,87,Yes
4646,9.76,110,6,41,2,Yes,0,1,80,Yes
4221,9.26,117,6,43,5,No,5,1,83,Yes
2717,5.49,116,8,55,6,Yes,2,1,92,Yes
1301,6.93,85,6,88,10,Yes,3,2,96,Yes
506,5.29,112,10,93,3,Yes,2,2,83,No
442,8.95,81,4,82,7,Yes,5,4,99,Yes
2786,8.42,105,6,50,8,Yes,6,0,80,Yes
1600,7.72,124,7,52,7,No,3,2,76,Yes
840,8.22,136,7,81,3,No,5,0,96,No
2684,7.81,90,6,54,5,Yes,2,1,90,Yes
2833,7.12,129,8,70,10,No,4,0,68,Yes
2709,8.86,92,10,48,10,Yes,3,3,70,Yes
3629,7.13,112,8,81,2,No,1,2,61,Yes
1818,9.43,110,9,68,8,No,4,5,71,No
916,5.35,139,9,61,8,No,3,0,60,No
736,7.99,92,4,82,10,No,6,3,72,Yes
108,8.58,116,6,78,7,Yes,1,4,76,Yes
689,5.3,124,10,71,10,No,0,3,94,Yes
1678,5.79,92,7,59,10,No,5,0,64,Yes
3429,8.34,106,4,54,2,Yes,4,2,95,No
1163,5.25,106,5,75,9,Yes,5,5,69,No
3347,7.1,80,8,52,9,Yes,4,3,62,Yes
3314,6.07,143,8,66,10,Yes,3,4,79,Yes
762,9.64,84,3,84,5,Yes,3,2,100,Yes
2678,9.7,116,9,90,5,No,2,3,85,Yes
910,5.04,98,10,44,8,No,1,4,81,No
4942,9.72,141,4,73,8,Yes,3,5,88,Yes
4317,9.48,116,5,48,7,Yes,1,4,68,No
4132,5.96,88,4,46,4,No,0,3,91,No
3677,9.33,101,10,67,9,Yes,5,0,84,Yes
872,8.25,86,7,94,8,Yes,4,3,74,Yes
3391,5.67,101,9,67,2,No,2,4,77,No
4009,5.03,93,4,100,9,Yes,2,1,71,Yes
2867,9.56,135,10,100,2,Yes,0,5,81,Yes
1099,6.53,100,9,54,3,No,1,4,67,No
296,6.55,117,7,76,6,No,4,5,66,No
2837,5.08,98,6,41,3,Yes,1,2,100,No
4411,5.56,128,3,73,3,Yes,5,0,65,No
2687,5.18,112,4,46,8,Yes,2,4,97,No
2087,6.75,140,6,90,7,Yes,1,3,87,No
4282,8.84,137,8,44,5,No,4,2,97,Yes
3782,8.54,102,3,98,4,Yes,5,0,91,Yes
398,7.42,119,5,44,2,Yes,2,3,93,No
855,9.6,120,8,80,6,No,5,3,77,Yes
2925,5.84,93,10,70,5,Yes,6,0,86,Yes
2081,9.42,141,5,86,4,Yes,1,2,89,Yes
19,6.92,127,10,97,10,No,1,1,64,Yes
4848,5.72,105,9,40,9,Yes,3,0,87,No
3261,7.9,121,5,99,4,Yes,4,3,76,Yes
3402,5.78,112,3,88,4,Yes,2,2,86,No
1253,8.71,111,3,57,3,No,3,5,85,No
196,9.15,133,6,95,4,No,4,5,80,No
3345,9.34,145,10,98,4,No,1,3,93,Yes
204,7.44,145,10,85,6,No,0,2,81,Yes
293,5.49,111,7,95,2,Yes,2,0,88,Yes
1346,5.54,101,8,66,7,Yes,1,3,73,No
2162,7.01,131,8,74,3,Yes,4,1,61,Yes
3832,9.79,96,6,78,7,Yes,6,5,89,Yes
4145,6.54,141,9,95,8,Yes,1,4,94,Yes
3223,5.13,107,10,56,6,No,4,4,93,No
4351,5.27,145,10,95,2,No,6,4,66,No
4046,5.56,97,4,63,8,No,2,5,81,No
1630,7.91,131,7,73,8,Yes,6,3,68,No
2727,6.35,141,9,79,4,No,6,3,78,No
5,5.21,138,4,99,8,Yes,2,5,99,Yes
176,5.49,121,7,59,9,No,3,1,88,No
413,8.74,83,5,70,9,Yes,3,3,62,No
4294,9.27,89,5,98,6,No,3,3,76,No
1991,7.66,117,8,71,2,Yes,6,4,68,No
1431,6.22,124,8,55,6,Yes,0,2,89,Yes
1941,6.63,83,10,90,6,No,1,1,92,Yes
3965,9.62,124,3,99,3,Yes,2,1,100,Yes
24,7.57,97,9,51,6,No,6,0,88,Yes
4478,8.84,110,8,51,6,Yes,5,0,69,Yes
2293,5.53,84,10,58,4,Yes,2,0,63,No
4479,8.87,128,10,46,2,Yes,2,5,87,No
4123,5.64,80,4,48,9,Yes,4,5,60,No
2075,8.5,137,4,98,10,Yes,1,1,83,Yes
421,8.15,137,4,46,5,Yes,2,5,78,No
960,9.47,140,4,86,8,Yes,1,5,69,Yes
603,5.56,119,8,85,2,Yes,0,3,75,No
1792,8.95,83,3,100,3,Yes,0,4,77,No
4115,6.72,139,4,84,7,Yes,3,5,86,No
830,6.73,92,5,85,8,No,0,0,63,No
2564,6.23,128,4,48,3,Yes,4,4,94,No
4725,6.26,143,6,89,9,No,3,0,91,Yes
3977,6.98,141,5,75,6,No,5,0,75,Yes
3126,9.56,101,4,55,3,No,0,0,99,Yes
2739,7.55,125,3,51,4,Yes,0,5,97,No
2529,5.66,120,7,87,10,No,2,5,78,Yes
1577,9.62,91,10,56,10,Yes,1,5,100,Yes
583,9.3,138,4,56,7,No,5,1,67,Yes
4999,7.61,83,10,94,2,Yes,1,3,89,No
2783,5.44,84,5,96,9,No,5,0,85,Yes
2626,8.81,140,7,64,4,No,2,5,100,Yes
1227,8.56,135,7,88,9,No,5,1,97,No
698,6.77,106,3,82,7,No,1,2,88,No
4994,8.53,130,7,69,8,No,4,5,83,Yes
3502,5.95,109,6,83,3,No,4,4,73,No
1486,7.21,109,9,48,7,Yes,3,3,86,Yes
455,8.48,142,8,62,4,No,1,0,78,Yes
3755,9.71,143,10,78,5,Yes,4,4,81,Yes
3020,6.15,125,4,87,8,No,5,0,96,Yes
2130,7.26,80,9,91,3,No,4,1,64,No
1677,8.6,113,5,82,6,No,3,1,87,Yes
862,7.73,143,5,75,5,No,4,5,98,Yes
502,7.39,106,9,84,7,Yes,3,2,88,Yes
4903,6.64,137,10,85,9,No,2,4,68,Yes
2100,8.19,109,10,82,7,Yes,2,5,77,Yes
4637,7.56,83,4,51,4,Yes,3,1,63,Yes
4433,7.06,82,6,91,10,No,3,1,98,Yes
4453,6.39,84,5,66,4,No,2,3,95,No
3697,6.61,91,8,61,8,Yes,5,1,72,Yes
1801,7.46,120,5,69,9,No,2,3,67,No
1191,7.06,134,5,47,9,Yes,4,2,82,Yes
1367,6.44,106,5,60,4,Yes,3,1,70,Yes
4385,6.08,118,5,58,8,Yes,5,5,90,No
3515,8.25,117,6,76,8,Yes,4,2,99,Yes
2307,5.98,110,7,66,8,Yes,2,3,96,Yes
1295,8.89,116,6,61,10,No,5,2,65,Yes
3598,6.9,139,7,69,9,No,3,2,60,Yes
2860,8.43,124,8,58,7,No,2,5,87,Yes
3011,5.14,103,7,40,8,No,6,2,90,No
3226,8.88,124,6,100,3,No,4,0,82,Yes
217,8.55,84,5,66,4,No,0,3,91,No
3289,6.53,82,9,79,8,Yes,5,1,67,Yes
2901,9.69,129,10,99,2,Yes,4,4,74,Yes
3822,9.11,107,4,45,6,No,1,1,66,Yes
494,6.98,125,3,84,6,Yes,0,3,81,No
473,6.97,98,5,79,10,Yes,5,5,81,Yes
1652,7.06,110,7,55,4,Yes,4,2,97,Yes
2358,8.88,134,4,60,9,Yes,2,2,67,Yes
1755,7.53,120,4,65,5,No,6,0,65,No
997,8.87,131,10,77,4,Yes,5,4,69,Yes
3744,7.79,100,9,41,4,No,6,5,84,Yes
3580,6.74,140,10,58,7,No,3,1,79,Yes
4256,9.78,86,9,59,2,Yes,4,3,70,Yes
1861,6.22,143,4,51,9,No,6,4,88,No
2322,9.8,101,5,100,7,No,5,5,68,Yes
2356,8.35,131,6,54,7,Yes,4,0,65,Yes
887,8.33,120,9,80,5,No,6,4,97,Yes
397,7.55,82,3,80,5,Yes,2,2,68,No
2217,5.33,140,6,99,4,No,3,3,70,No
626,7.67,126,9,49,6,No,5,1,68,No
2841,5.65,113,5,97,8,No,3,1,76,Yes
2381,5.29,83,4,68,9,No,6,0,73,Yes
4416,9.42,108,9,53,10,Yes,2,3,68,Yes
380,5.85,140,8,62,4,No,2,5,65,No
4859,6.62,95,4,95,10,Yes,2,1,93,Yes
2142,6.67,120,6,97,2,Yes,5,2,73,No
3316,9.03,139,9,46,5,Yes,0,5,100,No
4036,6.59,141,10,88,2,Yes,1,5,73,No
2956,5.16,96,8,43,5,No,6,5,91,No
150,7.74,104,8,78,9,No,0,3,66,Yes
3062,6.36,131,3,47,9,Yes,4,3,66,No
2241,8.06,106,8,88,8,No,0,0,96,Yes
722,8.17,87,10,47,6,Yes,2,5,60,Yes
2411,7.61,143,3,67,9,No,6,4,72,No
431,9.29,116,9,91,2,No,0,3,69,No
2490,8.56,97,7,98,2,Yes,5,5,69,No
4588,5.3,107,7,92,2,Yes,6,3,79,No
1106,8.0,106,9,64,7,No,3,1,71,Yes
1362,5.94,138,3,56,8,No,3,5,71,No
1581,5.78,117,8,67,3,No,6,0,72,Yes
3424,8.4,116,10,78,6,Yes,6,5,75,Yes
1052,6.6,111,9,66,10,No,4,3,94,Yes
2876,6.03,100,4,93,8,Yes,4,0,63,Yes
2765,5.35,94,7,67,7,No,1,1,72,No
1556,5.17,95,7,49,6,No,6,1,67,Yes
4578,6.62,140,9,100,8,Yes,6,2,77,Yes
4887,6.75,106,5,63,10,No,0,1,65,No
360,7.08,86,4,61,5,No,3,5,95,No
3894,7.18,83,8,43,9,No,6,1,89,Yes
1672,8.13,84,6,82,6,Yes,0,4,74,No
1973,7.63,117,6,63,8,No,2,0,75,Yes
3959,9.16,103,3,94,9,Yes,2,2,60,Yes
3982,7.15,120,5,51,8,No,4,2,100,No
353,9.77,84,5,78,7,No,4,1,100,Yes
2568,5.31,145,5,98,4,Yes,4,5,94,No
1949,7.86,125,10,99,2,No,2,3,68,Yes
4488,6.94,91,10,41,8,Yes,5,0,67,Yes
1358,8.12,111,6,84,9,Yes,4,2,95,Yes
408,6.42,139,3,46,4,No,6,2,83,Yes
3326,8.04,126,9,58,6,Yes,5,2,75,Yes
3710,9.66,124,3,91,7,Yes,5,0,75,Yes
4496,8.37,99,6,57,8,Yes,1,0,91,Yes
2601,6.25,136,9,71,7,Yes,4,4,64,Yes
3920,5.99,105,7,44,5,No,3,2,72,No
1931,7.13,132,4,90,5,No,4,1,85,Yes
4587,7.05,140,3,70,10,Yes,0,3,62,No
3159,8.81,121,9,83,8,No,3,3,65,Yes
1416,9.67,140,10,60,4,No,2,0,64,Yes
3399,7.31,123,9,51,5,No,1,3,91,Yes
3169,9.73,134,7,46,4,Yes,6,3,76,Yes
3493,9.68,130,6,43,5,Yes,5,3,76,Yes
1470,7.03,119,6,100,6,Yes,0,3,86,No
2812,6.27,101,10,82,4,Yes,0,0,69,No
1625,7.22,127,5,49,10,No,1,0,80,No
2689,8.99,133,9,99,3,Yes,4,0,64,Yes
1828,9.54,129,5,76,4,Yes,4,1,74,Yes
3565,8.87,129,4,47,8,Yes,6,5,94,Yes
3921,7.47,135,7,79,9,No,6,3,61,Yes
3647,6.19,132,10,40,7,No,4,0,91,Yes
1271,8.05,108,8,80,2,No,2,2,87,Yes
3417,8.0,100,8,48,7,Yes,0,3,93,Yes
3337,9.31,96,5,72,5,No,3,5,77,No
278,7.49,108,10,63,8,No,5,4,92,No
1585,6.77,93,9,70,2,Yes,4,5,87,No
2361,6.09,129,3,49,6,No,3,5,83,No
137,5.75,86,4,57,9,No,3,4,88,No
2383,5.95,103,9,93,9,Yes,2,3,96,Yes
2834,9.56,125,9,62,3,No,3,0,67,No
2260,6.1,120,6,99,2,No,4,0,86,Yes
3227,9.55,110,4,83,2,Yes,4,4,85,Yes
340,6.84,134,5,62,5,No,2,2,88,Yes
2868,8.94,98,5,98,8,Yes,5,0,71,Yes
2774,8.32,131,10,86,3,No,3,0,81,Yes
2049,7.86,136,10,69,7,Yes,4,0,99,Yes
3654,9.32,107,3,52,4,No,0,3,100,Yes
4297,6.17,90,7,87,8,Yes,5,2,91,Yes
4424,5.52,103,4,63,2,Yes,2,2,76,No
4571,7.89,126,5,64,6,Yes,4,5,99,No
3799,8.91,140,9,41,6,No,4,5,72,Yes
792,7.7,134,4,88,8,No,4,1,87,Yes
1846,7.98,142,5,71,5,Yes,5,3,78,Yes
2924,8.18,126,10,48,6,No,0,4,99,Yes
1908,6.97,100,3,80,6,Yes,4,0,75,Yes
1791,9.7,129,6,44,3,No,6,4,81,No
1345,8.44,145,10,67,3,Yes,6,2,97,Yes
1806,5.49,104,7,73,8,Yes,4,2,91,Yes
1817,8.11,116,8,68,10,No,6,0,88,Yes
825,6.87,96,7,53,3,No,2,4,81,No
991,5.69,106,4,80,6,No,5,5,72,No
818,5.97,133,3,55,9,Yes,4,1,65,No
1575,7.3,85,10,42,9,Yes,0,2,90,Yes
1018,8.89,144,5,52,4,Yes,1,3,62,No
4048,5.15,115,7,63,7,No,0,5,79,No
2456,6.48,113,5,65,6,Yes,1,5,97,No
978,7.27,86,4,72,7,No,1,5,85,No
341,5.17,111,7,71,8,No,3,0,65,No
332,8.53,120,10,57,5,Yes,1,1,97,Yes
3327,9.5,127,8,60,7,No,0,1,86,Yes
2216,6.05,101,3,40,5,Yes,5,1,65,Yes
4476,7.75,83,4,78,2,Yes,6,2,86,Yes
297,8.6,132,3,57,4,No,1,1,69,Yes
1214,6.96,127,10,100,6,No,1,2,62,Yes
4676,9.35,142,3,59,4,Yes,4,5,77,Yes
320,5.61,114,4,89,2,Yes,3,2,93,No
4737,6.71,139,3,89,2,Yes,5,1,80,No
831,5.62,107,10,44,7,No,3,4,95,No
663,5.97,123,9,60,3,No,4,4,68,No
4263,5.01,93,10,58,5,No,2,0,70,No
2615,5.37,88,7,96,9,No,5,5,66,Yes
4910,9.12,81,9,89,3,No,4,3,60,Yes
2820,7.0,91,6,89,8,Yes,4,5,61,Yes
536,5.0,144,9,86,4,No,4,2,99,No
2814,8.68,115,6,92,4,No,0,3,72,Yes
1588,8.15,132,4,75,2,Yes,1,2,68,Yes
333,5.51,137,10,60,8,Yes,2,1,88,Yes
3993,5.08,121,8,77,4,Yes,5,3,70,Yes
1264,7.04,89,9,48,2,Yes,5,0,70,No
4793,7.43,139,6,64,2,No,2,2,94,No
1655,9.41,125,4,42,4,No,2,0,62,Yes
3556,9.04,134,3,73,3,Yes,2,0,95,Yes
3447,7.49,101,6,67,9,No,1,4,91,No
4756,5.0,142,4,80,8,Yes,1,0,96,Yes
4286,8.24,113,10,42,10,Yes,0,0,77,Yes
2569,5.28,117,4,64,10,Yes,5,0,72,Yes
561,6.59,107,6,74,10,No,4,3,99,Yes
4601,6.23,129,4,43,6,Yes,3,5,70,No
3003,5.28,96,5,82,6,Yes,5,0,85,Yes
961,9.21,144,3,48,9,No,2,5,95,Yes
1161,9.2,138,3,45,2,Yes,5,0,81,Yes
3594,7.29,131,3,100,4,Yes,4,4,69,Yes
1776,6.37,103,3,85,9,No,4,1,85,Yes
3994,8.81,128,9,76,4,Yes,6,1,80,Yes
1442,9.32,110,8,74,7,Yes,5,1,80,Yes
3386,5.25,136,5,91,9,Yes,3,5,70,No
3945,8.4,107,8,44,9,No,4,1,92,Yes
1332,6.99,82,7,75,9,No,3,4,68,No
3981,7.72,132,8,90,8,Yes,6,5,74,Yes
17,9.21,90,4,86,9,No,6,4,68,Yes
3772,9.12,140,7,79,5,Yes,6,4,69,Yes
1132,6.85,137,6,89,8,Yes,2,3,70,Yes
4775,6.34,80,9,96,9,Yes,0,2,93,Yes
3021,6.06,130,10,40,10,Yes,4,4,85,Yes
658,5.3,119,10,74,9,No,0,0,81,No
1656,5.4,85,3,92,5,No,3,3,66,No
156,8.68,104,6,48,4,Yes,6,0,92,Yes
4194,8.52,144,8,57,7,Yes,0,4,99,No
393,9.18,99,5,52,7,Yes,4,3,69,Yes
1696,5.81,93,3,70,5,No,1,1,92,No
1296,6.01,107,10,56,2,No,4,5,100,No
2748,8.36,121,10,75,2,Yes,0,5,99,No
1881,5.57,115,6,67,7,No,4,2,84,No
1428,5.56,110,8,77,8,No,5,5,62,No
1590,6.46,97,8,98,5,No,6,1,72,Yes
2523,5.2,130,6,67,2,Yes,1,5,93,No
4661,6.98,85,10,45,4,Yes,6,0,73,Yes
1016,6.39,142,4,88,8,Yes,1,5,92,No
2770,5.95,108,5,94,10,Yes,0,0,64,Yes
4971,6.76,124,9,92,4,No,2,4,91,No
181,6.86,95,7,89,6,No,1,4,78,No
2269,9.07,109,4,79,2,No,2,3,89,No
2762,9.6,96,9,60,8,No,2,0,69,Yes
1632,5.95,82,6,67,4,Yes,4,5,68,No
3045,5.39,92,4,69,9,Yes,0,1,96,Yes
4948,8.13,89,5,95,10,No,2,4,70,Yes
1293,7.11,91,10,62,7,Yes,5,4,88,Yes
4504,5.75,126,6,44,9,No,2,0,76,Yes
4466,7.62,87,10,92,4,No,2,3,73,No
4257,7.52,100,5,86,10,No,2,5,79,No
2607,7.72,129,4,72,4,No,0,5,91,No
555,7.28,86,9,56,3,Yes,3,5,68,No
4083,6.22,86,5,43,5,No,2,2,62,No
2790,5.21,122,7,99,8,Yes,3,4,73,No
3122,8.97,123,7,74,9,No,2,1,66,No
1854,8.16,110,4,65,2,No,1,5,88,No
3946,9.44,110,8,62,8,No,4,3,75,Yes
3827,6.26,134,4,67,10,No,3,5,100,No
3770,6.95,128,10,40,10,No,2,0,85,Yes
993,7.9,89,7,47,10,Yes,4,3,64,Yes
2618,9.19,98,6,80,6,No,5,2,82,Yes
2900,8.54,106,9,56,9,Yes,2,3,80,Yes
3542,7.73,94,6,98,8,No,5,2,62,Yes
171,7.62,102,10,84,9,No,6,1,64,Yes
687,8.11,88,6,48,7,Yes,0,5,90,No
3137,9.47,104,6,40,7,No,3,1,75,Yes
3218,9.8,93,7,40,7,No,5,5,74,No
61,6.57,128,7,88,8,Yes,0,3,61,Yes
4521,5.71,110,8,46,3,No,5,0,75,Yes
4870,8.74,136,9,91,10,Yes,5,5,87,Yes
3739,8.46,90,9,78,10,Yes,5,5,64,Yes
4107,9.7,128,10,74,7,Yes,3,0,64,Yes
2315,5.29,102,6,43,6,Yes,0,0,65,No
720,6.46,95,6,48,4,No,2,1,73,No
2455,8.69,109,10,45,9,No,0,4,87,No
2707,6.07,128,9,95,4,Yes,6,5,92,No
3434,5.44,94,10,58,2,Yes,6,0,67,No
526,6.88,140,5,52,6,No,6,0,67,Yes
670,7.97,144,6,69,5,Yes,1,0,69,Yes
1109,6.75,107,3,60,4,Yes,5,5,68,No
3536,5.56,123,3,88,5,No,6,5,85,No
999,7.2,136,8,91,9,No,2,3,93,Yes
4296,7.69,113,8,78,3,No,3,0,97,Yes
3361,6.01,117,3,100,7,Yes,1,1,89,Yes
3308,7.24,111,3,85,2,No,3,1,91,Yes
54,8.61,115,10,80,5,Yes,0,5,78,No
4220,9.08,87,10,87,5,No,1,2,98,No
3043,5.43,100,9,51,8,Yes,4,2,85,Yes
2243,9.16,101,4,68,9,No,2,2,69,Yes
1825,6.89,97,8,92,6,Yes,1,5,68,Yes
4069,8.4,114,10,60,9,No,1,3,98,Yes
3524,7.07,87,3,78,5,No,3,2,83,No
4457,7.94,125,5,95,8,No,3,2,63,Yes
206,5.25,141,5,73,8,Yes,5,1,62,Yes
4681,8.32,97,9,43,4,Yes,0,5,92,No
1832,5.36,94,10,78,9,Yes,1,4,81,No
2337,7.14,86,4,45,6,Yes,0,1,79,Yes
4180,6.44,118,5,94,7,Yes,3,5,98,Yes
3094,7.74,83,10,63,6,No,1,4,74,No
1193,9.76,81,6,92,2,Yes,1,3,71,No
2199,5.51,128,7,89,10,Yes,2,2,60,Yes
3151,7.74,108,7,99,10,No,5,2,68,No
2880,5.25,102,3,48,8,No,4,1,95,No
3905,7.99,130,5,68,4,No,2,0,94,Yes
4393,5.75,83,4,41,9,No,5,1,69,No
4629,9.15,90,8,42,2,No,3,0,65,Yes
1889,8.89,139,9,40,3,Yes,0,0,92,Yes
3788,7.8,114,4,58,3,Yes,6,0,73,Yes
2982,7.31,110,9,51,4,Yes,0,2,64,No
4624,5.09,87,8,94,2,Yes,6,0,74,Yes
1336,9.19,131,7,40,10,No,6,3,71,Yes
3888,9.54,97,10,89,8,No,6,2,71,Yes
4241,8.46,138,8,57,9,Yes,6,5,88,Yes
4101,7.7,111,7,82,4,No,6,4,89,No
1276,7.04,140,8,59,10,No,1,4,85,No
739,5.85,118,5,71,8,Yes,5,3,91,Yes
4696,9.72,87,6,63,8,Yes,2,5,95,No
4198,8.14,91,6,49,7,Yes,3,1,94,Yes
992,7.71,145,5,66,4,Yes,6,3,84,No
2051,6.81,85,5,77,10,Yes,6,0,76,Yes
3013,7.81,122,9,65,6,Yes,0,3,81,Yes
1177,6.2,84,4,68,7,No,6,0,71,Yes
48,7.06,121,10,68,9,No,4,3,70,Yes
606,6.57,92,5,53,2,No,5,4,67,No
3152,7.79,133,3,80,2,No,4,2,60,Yes
3075,8.82,101,4,56,4,Yes,1,3,65,Yes
4690,6.41,129,5,47,9,No,2,3,81,No
673,7.33,94,4,97,5,No,4,4,80,No
488,6.73,80,5,45,6,No,2,5,85,No
2878,8.26,135,10,47,2,Yes,4,4,88,Yes
2869,6.03,109,3,59,10,Yes,0,5,78,No
300,5.01,91,10,80,7,No,6,4,85,No
3866,8.72,120,5,65,10,Yes,5,4,83,Yes
3082,7.51,105,6,60,6,No,0,0,71,No
2912,6.46,132,6,71,10,No,0,4,73,No
3498,6.0,97,10,67,5,Yes,2,1,69,Yes
3344,8.89,114,9,60,9,No,6,0,87,Yes
1930,6.24,85,3,95,8,No,4,1,66,No
4196,5.97,100,5,67,9,Yes,5,2,99,No
3884,9.63,130,5,70,8,Yes,3,2,61,Yes
1648,5.71,108,6,96,5,No,1,0,94,Yes
107,7.75,117,7,41,8,Yes,4,5,63,Yes
607,9.48,91,8,69,2,Yes,6,5,79,No
4260,9.51,145,10,93,10,No,5,5,75,Yes
1222,7.91,116,8,60,3,Yes,3,4,69,Yes
4674,7.43,132,6,65,9,No,5,1,92,Yes
4017,9.35,107,5,96,8,No,0,0,65,Yes
4324,9.67,120,7,66,3,No,5,5,90,Yes
79,6.19,133,6,89,10,Yes,3,2,97,Yes
32,6.68,88,6,63,6,Yes,6,4,79,Yes
2198,7.22,116,10,73,7,Yes,5,4,94,Yes
3699,7.83,129,9,82,10,Yes,0,5,94,Yes
4654,5.67,126,4,60,7,No,0,1,81,No
4259,6.8,141,6,91,8,Yes,6,2,77,Yes
1735,8.74,83,3,45,7,Yes,5,5,97,No
390,5.88,122,4,54,7,Yes,6,2,86,Yes
2136,6.35,86,5,96,3,No,3,3,78,No
4668,8.43,99,10,41,6,Yes,6,2,75,Yes
45,8.87,105,8,67,3,No,2,4,80,Yes
2771,9.24,99,3,92,2,No,5,5,93,No
1988,6.85,103,4,46,10,No,6,5,95,No
3990,8.15,143,9,69,2,Yes,3,4,69,No
1960,7.41,98,7,79,5,Yes,1,2,60,No
3177,7.39,120,8,71,3,No,3,3,74,No
819,8.43,133,8,80,5,Yes,6,4,86,Yes
3370,6.98,144,6,43,9,No,1,5,77,No
708,9.61,128,4,40,8,No,2,3,71,Yes
811,8.84,100,6,58,3,No,1,1,72,No
2197,6.36,115,4,72,5,No,6,4,79,No
3583,7.66,122,3,55,6,Yes,1,4,93,No
2195,6.98,118,4,88,9,No,3,3,61,Yes
4485,7.4,126,7,66,9,Yes,5,1,88,Yes
4178,6.64,139,4,52,8,Yes,6,3,90,Yes
4525,8.69,118,6,77,3,Yes,0,4,82,Yes
4441,5.16,103,6,71,10,No,5,1,69,Yes
4901,7.28,89,9,77,10,Yes,1,3,85,Yes
3522,8.49,136,6,94,4,Yes,2,3,95,Yes
3695,8.28,140,10,92,6,Yes,4,1,79,Yes
905,7.73,137,7,45,4,Yes,4,1,62,Yes
2488,9.18,89,6,59,3,Yes,4,4,91,No
851,9.65,127,5,90,5,No,3,4,88,No
1297,5.67,121,8,76,8,No,0,2,66,No
4239,5.65,130,3,73,10,No,1,1,98,Yes
3938,6.32,101,3,67,3,No,4,2,62,No
2514,8.95,116,6,45,3,Yes,6,1,84,Yes
3195,9.61,134,8,88,5,Yes,3,5,90,Yes
1732,6.25,97,5,42,8,No,6,1,68,No
258,7.7,84,5,99,7,Yes,1,4,69,Yes
242,8.98,86,7,64,2,No,1,4,95,No
4142,6.92,90,9,94,7,Yes,6,2,68,Yes
3835,7.23,89,5,90,5,No,0,4,96,No
1067,8.48,96,4,61,8,No,4,0,92,Yes
4006,5.02,102,4,50,9,Yes,1,0,95,Yes
2287,8.0,120,4,54,4,No,0,5,89,No
1706,7.52,106,9,47,6,Yes,2,1,87,Yes
3507,8.02,137,6,81,8,No,2,4,73,No
2265,9.55,144,4,72,9,Yes,3,3,82,Yes
3306,9.38,108,6,73,9,No,4,5,82,Yes
1646,6.57,99,7,91,5,Yes,0,3,90,No
2366,6.84,100,5,61,6,No,3,5,93,No
324,6.19,120,7,92,3,No,0,4,63,No
3022,7.54,132,8,64,4,No,1,2,94,Yes
3521,5.46,95,3,78,2,Yes,4,3,85,No
4183,7.37,84,8,43,8,No,6,4,60,Yes
703,6.07,115,6,41,3,No,3,5,65,No
719,6.5,126,5,92,9,No,4,4,81,No
4523,6.25,115,7,85,3,Yes,1,5,68,No
3545,8.39,126,3,71,3,No,0,1,97,No
4223,9.61,117,3,88,5,No,3,2,76,Yes
2472,9.47,98,7,50,7,Yes,4,0,97,Yes
4855,7.66,125,9,50,7,No,4,2,82,No
3614,5.55,83,3,46,3,Yes,4,0,81,No
3912,9.22,94,9,87,6,Yes,5,4,93,Yes
3491,6.33,145,5,72,3,Yes,4,2,91,Yes
4663,7.07,116,6,67,6,Yes,3,2,72,No
205,9.7,119,3,78,9,Yes,5,4,96,Yes
4962,8.42,122,4,55,6,No,3,5,77,No
2415,5.83,145,7,65,9,Yes,4,1,83,Yes
2703,7.43,108,3,41,7,Yes,5,5,81,No
972,6.81,122,5,92,5,No,6,1,63,Yes
1398,9.44,100,3,71,5,Yes,5,2,76,Yes
2320,8.96,83,4,79,3,Yes,0,2,91,Yes
2189,5.36,96,10,78,9,No,0,3,92,No
2520,5.63,132,5,55,7,No,4,3,60,No
4767,6.95,95,6,68,3,Yes,2,0,96,No
231,6.96,97,9,63,8,Yes,3,3,65,Yes
3505,8.13,129,7,63,7,Yes,5,5,69,No
4438,9.04,125,7,99,4,No,5,2,69,No
3298,5.87,121,8,76,8,Yes,3,3,98,Yes
2635,9.7,114,3,44,5,No,3,4,74,Yes
954,5.2,107,3,64,10,No,6,2,91,Yes
3064,8.1,84,10,74,8,No,1,4,80,No
4970,8.04,103,5,96,8,Yes,2,5,83,Yes
1543,9.17,109,6,43,10,Yes,5,5,74,No
1216,8.42,107,9,93,2,No,1,3,65,Yes
2143,9.52,102,6,87,10,No,6,3,70,Yes
2646,7.8,116,6,68,9,No,3,0,92,Yes
2542,5.24,103,6,87,9,No,6,5,65,No
1621,8.34,86,7,45,10,No,3,1,78,Yes
2887,7.64,105,4,96,8,No,5,5,86,No
4852,7.64,101,4,68,5,No,1,4,85,No
4240,9.02,110,7,85,2,Yes,2,4,98,Yes
437,8.53,95,9,42,8,Yes,2,1,70,Yes
1604,5.7,89,7,47,8,No,3,0,64,No
2636,7.34,82,4,70,9,No,2,1,100,No
821,7.12,81,4,45,7,Yes,6,1,87,No
1341,7.21,111,10,55,4,No,4,5,67,Yes
282,7.65,122,9,69,5,No,5,1,71,Yes
1982,7.91,81,6,74,8,No,4,5,96,No
1249,7.59,82,9,45,7,No,6,4,64,Yes
2679,8.08,98,5,64,6,Yes,3,1,72,Yes
1494,6.48,88,8,79,7,No,6,3,90,Yes
4024,7.17,142,3,86,2,No,5,1,61,Yes
3285,7.68,119,3,55,5,No,2,2,77,No
2815,9.22,105,6,60,8,No,1,3,98,Yes
2652,8.46,127,7,51,5,Yes,0,0,71,Yes
1027,5.92,112,8,97,7,Yes,5,0,87,Yes
4486,8.56,113,4,76,2,No,3,4,80,No
1210,8.14,103,10,77,7,Yes,5,1,63,Yes
2458,5.09,116,8,89,8,Yes,3,4,71,No
1100,8.76,113,5,100,7,Yes,0,0,87,Yes
2327,7.32,118,5,48,5,Yes,2,1,79,No
1136,7.03,117,6,65,4,No,4,4,91,No
4677,7.42,82,9,74,3,No,4,1,70,Yes
3193,5.22,126,9,53,6,Yes,6,0,92,Yes
302,9.09,123,3,42,3,No,6,3,61,No
4532,9.1,113,4,82,3,No,0,5,95,No
1753,7.49,115,8,86,4,No,6,5,63,Yes
3176,8.57,119,7,99,3,No,6,3,67,Yes
3093,9.33,97,8,100,4,Yes,0,1,71,Yes
4086,6.8,111,8,50,6,Yes,2,1,87,Yes
4401,5.13,103,10,95,10,No,1,3,96,Yes
2673,5.13,92,9,86,10,Yes,4,3,97,Yes
852,8.9,117,5,40,2,No,3,2,98,No
4966,6.58,80,6,47,7,No,3,2,74,Yes
3715,7.54,124,10,97,6,No,6,3,83,No
4622,7.36,128,8,96,2,Yes,5,2,65,Yes
81,5.83,89,5,40,8,No,4,3,78,No
884,6.63,111,5,52,2,Yes,2,0,61,Yes
1962,9.04,124,5,57,6,Yes,5,2,76,Yes
1465,5.23,118,9,52,7,No,0,5,87,No
319,8.4,81,5,71,7,No,6,5,76,No
980,9.15,128,7,80,9,Yes,0,0,65,Yes
3576,8.33,105,10,96,9,No,4,1,79,Yes
3478,7.77,94,9,47,3,Yes,3,2,76,Yes
2667,9.4,133,7,46,6,No,2,1,75,Yes
2781,7.29,138,8,62,10,Yes,0,4,100,No
216,5.96,116,8,58,2,No,0,5,96,No
4591,5.33,93,5,75,9,No,0,2,87,Yes
839,8.2,99,8,45,8,Yes,3,2,94,Yes
3891,6.82,142,10,88,4,Yes,1,5,100,No
4682,7.03,134,9,59,2,Yes,5,4,96,Yes
1915,5.79,134,5,69,8,No,5,3,100,No
4786,9.49,140,8,40,10,No,4,3,75,Yes
3711,9.22,120,3,74,3,No,1,1,71,Yes
1687,7.37,123,4,79,2,No,5,2,75,No
1530,5.46,98,8,45,10,No,4,5,77,No
635,8.0,116,10,45,4,No,6,2,76,Yes
3701,5.25,139,6,54,9,No,6,2,63,Yes
3315,6.05,119,3,71,5,Yes,3,5,66,No
4511,9.79,86,9,72,5,Yes,0,1,67,Yes
3129,5.76,119,8,91,8,Yes,6,0,90,Yes
4470,8.68,144,3,58,5,Yes,0,2,86,Yes
449,8.58,85,4,62,10,Yes,6,5,79,Yes
1539,8.65,116,8,76,2,No,0,5,68,No
3508,9.62,107,3,54,9,No,4,3,93,Yes
2359,8.7,137,10,61,3,Yes,4,2,96,Yes
1254,8.55,114,4,44,3,No,5,5,86,No
4893,7.75,111,8,55,8,No,5,1,75,Yes
2698,5.53,128,4,90,6,Yes,5,1,67,Yes
426,8.91,93,9,82,7,No,3,3,98,Yes
4060,6.81,132,6,87,9,No,4,0,69,Yes
2039,9.23,139,10,50,3,Yes,4,0,63,No
230,7.78,85,9,62,3,No,0,0,90,No
2563,8.18,98,9,89,8,Yes,1,1,74,Yes
2955,8.82,135,4,70,10,No,2,3,67,Yes
4052,5.59,132,7,88,9,No,1,2,84,No
2773,8.61,134,10,83,8,Yes,6,4,70,Yes
4392,9.69,87,7,57,7,No,3,5,68,Yes
4136,9.77,108,10,63,5,Yes,5,1,66,Yes
2152,9.4,89,10,94,2,No,3,2,62,Yes
1327,8.15,115,7,69,7,Yes,1,0,80,Yes
1206,6.74,112,3,47,6,No,2,2,71,No
4728,6.61,99,3,89,9,No,0,2,91,No
4423,9.65,93,6,97,2,Yes,5,4,78,Yes
4881,8.75,135,4,69,5,Yes,3,0,94,Yes
2290,7.06,131,7,86,10,No,2,3,95,Yes
475,7.42,133,5,78,3,Yes,4,4,62,Yes
1480,5.77,120,3,47,3,Yes,4,0,99,Yes
4924,9.29,106,3,78,6,Yes,0,5,70,No
1053,6.1,90,9,73,5,No,1,2,60,No
570,5.63,97,6,95,4,Yes,5,4,68,No
106,9.62,112,10,94,6,Yes,3,3,66,Yes
2202,5.86,112,8,73,3,No,0,4,94,No
3751,7.85,129,4,77,4,Yes,2,0,73,Yes
254,8.91,114,9,45,7,No,3,4,75,Yes
1972,6.82,85,3,72,10,No,5,3,84,No
1423,7.81,142,7,54,10,Yes,5,4,98,Yes
1287,8.21,88,6,92,10,Yes,2,0,71,Yes
2502,8.02,125,4,70,5,No,1,4,97,No
2503,6.29,129,6,56,2,No,0,4,82,No
2535,8.84,88,8,72,7,Yes,2,1,60,Yes
2196,7.66,138,7,83,9,Yes,2,5,99,Yes
4707,8.99,119,9,61,4,No,5,5,82,No
4359,7.53,102,8,44,7,No,6,0,90,Yes
2306,6.58,98,7,49,2,Yes,2,5,60,No
4328,6.59,86,4,79,6,No,3,3,96,No
1764,5.13,97,9,52,4,No,1,1,98,No
4550,5.17,83,4,54,6,No,0,2,62,No
1313,6.66,92,9,91,2,Yes,1,4,92,No
4493,8.17,88,4,56,9,Yes,2,5,85,Yes
4489,5.6,107,6,94,3,No,4,5,65,No
4420,9.55,82,7,84,10,No,4,5,86,Yes
3635,8.46,129,6,51,6,No,2,0,62,Yes
3883,5.51,109,5,94,4,No,2,0,70,No
4684,5.83,122,6,68,3,Yes,5,4,93,No
3497,8.04,83,3,86,7,No,1,3,86,No
3284,6.99,130,6,47,8,No,6,3,99,Yes
391,6.59,113,7,69,3,No,6,5,97,No
3343,6.04,139,7,70,9,No,4,2,60,Yes
2441,6.99,139,5,83,8,No,3,4,64,No
4710,6.65,143,8,76,4,Yes,5,0,82,Yes
1683,7.46,131,6,50,5,No,3,4,64,Yes
7,7.18,126,5,63,7,Yes,2,5,64,No
2298,5.01,82,3,75,10,Yes,6,2,85,Yes
463,5.67,100,5,76,4,No,3,2,62,No
4992,7.54,101,4,56,3,No,0,0,89,No
661,9.41,85,6,84,4,Yes,5,0,79,Yes
4656,5.59,95,7,45,10,Yes,5,0,78,Yes
3212,5.34,139,6,69,3,Yes,0,1,64,Yes
185,5.13,127,10,91,10,Yes,0,0,79,Yes
3474,6.02,101,10,85,7,No,5,3,96,Yes
3221,5.33,105,4,56,7,No,3,2,80,No
1202,8.62,123,7,91,5,No,2,5,99,Yes
519,7.57,142,10,59,2,No,6,2,98,Yes
2984,9.02,112,10,86,10,Yes,2,3,79,Yes
274,6.45,112,5,85,8,No,0,3,98,No
4845,5.09,134,8,59,9,Yes,2,3,76,No
1689,8.92,99,7,61,8,No,4,2,64,Yes
1424,6.16,143,9,66,2,No,6,2,77,Yes
3748,7.53,124,10,69,9,No,6,0,65,Yes
2165,5.83,117,5,42,8,Yes,2,5,76,No
1284,5.14,99,5,95,4,Yes,6,0,63,Yes
3301,6.87,125,10,98,2,No,0,2,70,No
1768,5.46,96,9,89,2,No,1,0,93,Yes
3975,6.05,127,6,42,2,Yes,0,0,87,No
3922,8.85,134,3,41,9,Yes,3,0,77,Yes
4577,9.77,107,10,56,6,No,4,2,82,Yes
828,5.03,123,6,91,10,No,1,2,79,No
2169,9.17,133,10,65,6,No,0,4,67,Yes
2309,6.28,82,5,85,10,No,5,4,69,Yes
1056,5.13,134,8,43,3,No,0,3,98,No
2724,5.74,134,3,64,3,No,3,2,86,No
3136,8.96,109,9,43,9,No,6,2,78,Yes
981,8.08,145,6,41,9,Yes,5,0,97,Yes
4061,8.82,142,3,64,7,Yes,0,2,88,No
3811,8.16,131,6,90,7,No,4,3,86,Yes
4126,6.98,124,9,70,5,No,2,3,89,No
3796,9.26,110,7,51,10,Yes,5,0,68,Yes
2341,6.75,81,4,44,5,No,2,1,81,No
721,5.38,94,4,41,9,No,0,1,66,No
469,7.89,95,6,66,7,No,3,5,90,No
1859,9.11,106,8,75,6,Yes,0,3,89,Yes
2093,9.7,107,5,49,4,No,4,0,100,Yes
3081,6.34,143,4,56,8,No,1,0,64,No
1778,8.24,138,4,96,10,Yes,4,2,97,Yes
4106,6.54,110,3,41,6,Yes,2,1,79,Yes
127,8.04,121,9,78,10,Yes,4,4,87,Yes
2958,7.75,132,3,82,8,Yes,4,2,74,Yes
4508,6.28,99,9,65,10,Yes,1,5,98,No
3607,8.4,119,6,90,8,Yes,4,0,65,Yes
1987,6.51,95,10,71,9,Yes,0,5,68,No
652,6.28,122,9,76,2,No,6,3,90,No
235,7.01,82,6,53,3,Yes,0,3,98,No
1405,9.67,114,5,60,8,Yes,1,4,62,Yes
289,6.72,81,10,48,5,No,4,4,91,No
2842,7.76,126,6,70,6,No,5,2,91,Yes
2509,6.34,82,10,74,10,Yes,3,2,70,Yes
4709,5.07,145,8,84,7,Yes,6,4,94,Yes
199,5.04,93,9,48,6,No,6,3,83,No
1813,8.52,102,4,76,4,Yes,3,3,98,Yes
2763,5.26,133,5,88,9,No,5,3,71,Yes
2095,8.92,103,5,86,7,Yes,3,1,99,Yes
1643,6.22,106,3,44,4,No,2,5,90,No
4182,7.29,111,6,74,7,Yes,3,3,78,Yes
775,6.96,98,3,58,6,Yes,3,1,83,Yes
1098,5.92,130,3,91,8,Yes,5,3,71,Yes
2186,8.23,145,6,62,4,No,4,5,64,No
3352,8.32,131,10,95,3,Yes,0,3,89,Yes
4944,7.56,110,3,100,5,Yes,6,3,68,Yes
4462,6.57,137,5,44,5,Yes,1,4,67,No
694,5.11,109,8,66,7,No,6,2,91,Yes
1628,8.41,111,5,80,2,Yes,3,1,60,Yes
43,5.55,113,5,77,6,Yes,4,3,82,Yes
4110,8.35,87,7,82,3,No,5,0,100,Yes
3210,5.67,130,8,93,10,No,6,2,79,Yes
1095,6.68,139,9,98,8,Yes,2,1,92,Yes
2808,6.39,144,6,62,9,No,4,1,66,Yes
1448,7.74,145,9,49,10,No,4,2,60,Yes
3300,6.47,122,10,66,4,Yes,2,2,66,No
4861,7.6,86,6,75,10,Yes,0,5,87,Yes
249,8.52,125,5,48,10,No,4,5,63,Yes
709,8.41,97,6,51,8,Yes,3,0,79,Yes
3180,9.51,120,3,58,4,Yes,4,4,84,Yes
2468,7.03,94,9,94,3,Yes,3,3,85,No
1180,9.61,92,6,42,4,No,2,3,96,Yes
162,6.37,100,7,68,10,Yes,3,0,74,Yes
2127,5.21,115,9,94,6,Yes,0,1,99,No
3007,9.5,125,10,48,4,No,3,0,72,Yes
1450,6.19,102,5,41,9,No,2,0,66,Yes
4146,6.65,123,3,89,2,No,4,0,83,Yes
3342,8.95,134,7,68,4,No,2,2,71,Yes
224,5.77,144,7,84,3,No,2,2,99,No
702,5.12,108,10,62,3,Yes,4,5,72,No
690,7.56,117,10,79,7,No,5,0,72,Yes
665,5.81,127,5,68,5,No,0,1,66,No
4469,9.65,86,6,47,9,No,0,5,64,Yes
1877,5.43,82,9,80,10,Yes,2,0,96,Yes
3971,5.22,115,7,52,8,Yes,1,3,77,No
3836,7.19,100,3,57,10,No,0,2,83,No
1437,5.43,131,7,49,7,No,3,1,84,No
4064,9.78,145,6,80,4,Yes,1,0,95,Yes
1740,7.88,80,7,96,5,Yes,5,2,65,Yes
4885,7.79,141,6,75,8,No,0,1,74,Yes
4354,6.88,138,10,84,2,Yes,2,4,97,Yes
4792,8.52,137,3,89,8,No,1,5,100,No
4774,5.39,134,9,46,3,No,3,5,69,No
3875,9.15,128,3,77,3,Yes,0,2,61,Yes
429,5.96,117,8,98,4,No,5,1,92,Yes
4279,6.79,131,10,96,6,Yes,1,1,81,Yes
3309,7.95,118,7,60,9,No,5,5,76,Yes
2794,9.52,80,10,48,2,No,6,1,95,Yes
2074,8.29,95,10,100,10,No,1,1,67,Yes
3792,6.43,89,5,69,4,No,4,0,75,No
3570,8.57,84,3,73,7,No,4,4,79,Yes
3138,6.04,81,9,43,3,No,2,3,98,No
1963,5.26,106,8,84,3,No,4,1,88,Yes
2140,6.03,81,6,41,5,Yes,3,3,88,No
1017,6.35,94,7,84,5,No,3,1,90,Yes
1728,9.02,136,7,60,6,No,5,0,72,Yes
2277,7.15,101,3,99,4,No,0,4,81,No
4275,6.07,101,9,98,3,No,5,0,83,Yes
3637,5.97,117,9,69,6,No,2,5,85,No
1124,6.55,135,6,50,3,Yes,6,2,94,Yes
2839,7.88,99,5,50,5,No,3,4,73,Yes
3957,7.37,120,7,44,6,No,0,1,78,No
1478,5.27,128,5,100,6,No,1,1,100,No
598,7.64,80,4,83,7,Yes,5,4,99,Yes
3247,5.02,109,6,56,4,No,6,0,94,Yes
3124,6.56,136,9,88,6,No,2,2,61,Yes
1726,8.67,107,4,49,8,Yes,1,5,70,No
4289,9.29,145,4,71,5,Yes,0,4,61,No
4099,5.67,134,3,64,9,Yes,0,2,100,Yes
4378,6.44,124,8,68,3,Yes,6,5,99,Yes
588,7.83,140,10,66,9,Yes,4,0,75,No
667,7.85,116,9,84,9,No,1,1,100,Yes
2467,7.48,123,5,81,9,No,0,0,86,Yes
3173,5.25,99,5,97,6,No,3,2,64,No
18,7.28,101,7,73,8,No,4,5,72,Yes
3691,6.98,137,9,65,5,No,2,1,60,Yes
3349,9.8,127,4,49,9,No,1,0,71,Yes
1956,7.95,142,4,68,9,No,3,1,75,Yes
4028,6.23,134,6,94,8,No,0,4,98,No
3577,5.71,94,9,99,10,Yes,0,1,91,Yes
2654,9.39,97,5,58,3,Yes,6,1,61,Yes
2113,6.48,135,10,65,6,No,4,3,79,Yes
1255,8.56,99,4,87,8,Yes,4,2,80,Yes
2288,6.44,83,5,57,7,No,2,4,94,No
4109,5.21,109,9,71,4,No,2,0,68,Yes
2205,9.61,127,3,43,2,Yes,5,2,84,Yes
1498,8.68,126,10,77,4,Yes,0,3,96,Yes
3986,6.06,142,5,51,10,Yes,0,4,72,No
2688,5.4,83,3,94,6,No,1,0,69,No
1344,7.91,83,10,70,2,Yes,3,5,62,No
3229,7.12,131,10,78,6,No,3,5,100,Yes
1770,8.58,92,5,89,5,Yes,2,2,63,Yes
2414,6.72,104,5,89,7,No,5,3,68,No
3323,9.68,113,8,76,6,No,6,3,67,Yes
2530,6.08,91,4,75,2,No,0,5,95,No
646,8.06,95,4,94,4,Yes,6,5,96,Yes
457,7.72,120,9,50,2,Yes,6,1,87,Yes
2034,6.15,102,3,96,4,No,2,4,71,No
1319,6.41,133,3,68,7,Yes,0,4,67,No
2645,5.55,138,10,77,7,Yes,1,5,60,No
1334,5.76,131,9,62,5,Yes,4,2,80,No
813,6.71,100,5,92,10,Yes,0,2,87,No
309,8.47,99,9,79,9,No,0,0,68,Yes
1007,6.04,119,3,99,9,No,6,3,63,Yes
65,9.46,128,9,100,5,Yes,5,5,75,Yes
4735,9.22,134,4,94,9,Yes,5,0,69,Yes
3808,7.19,109,4,73,7,No,0,0,87,Yes
1218,7.52,136,8,57,5,No,2,1,81,No
3582,5.89,121,6,60,3,Yes,3,4,95,No
4205,8.26,109,4,43,3,Yes,1,3,87,No
1578,7.18,123,6,78,9,Yes,2,4,88,No
4829,9.55,92,6,54,4,Yes,3,3,72,No
2491,5.88,123,6,41,9,No,3,4,66,No
3640,8.02,135,3,70,10,Yes,6,4,80,Yes
1886,6.06,116,3,55,2,Yes,4,2,85,Yes
4536,7.0,143,3,81,8,Yes,1,0,66,Yes
3997,6.21,135,9,65,3,Yes,0,2,98,Yes
2355,6.1,98,4,63,3,Yes,5,2,95,Yes
1238,6.51,84,9,46,10,Yes,6,4,100,No
1226,9.31,123,4,86,2,Yes,2,3,86,Yes
3200,6.14,145,10,48,6,Yes,3,1,60,Yes
4173,7.27,124,7,75,3,No,0,1,74,No
2385,6.07,84,9,88,7,Yes,1,2,99,Yes
920,8.43,107,10,84,2,No,6,4,66,Yes
1929,7.72,131,4,70,9,No,5,0,93,Yes
1619,9.36,91,9,56,7,Yes,2,2,90,Yes
85,7.37,90,3,96,8,No,4,2,61,No
3339,8.79,98,3,65,5,Yes,5,5,93,Yes
3354,7.78,136,9,68,4,No,2,3,65,Yes
3035,6.83,86,7,67,2,No,6,5,92,Yes
674,8.59,121,6,89,3,Yes,0,1,86,Yes
187,7.16,124,5,96,10,No,1,1,87,Yes
1434,5.49,91,9,60,9,No,6,3,72,No
4919,8.8,113,9,90,2,Yes,1,2,71,Yes
3251,5.39,91,6,40,2,No,4,4,68,No
2940,5.9,132,6,52,6,No,4,4,74,Yes
3724,7.27,87,5,69,7,Yes,0,2,87,Yes
4744,8.65,129,5,80,6,No,4,2,60,Yes
1089,9.57,81,8,92,7,Yes,2,4,67,Yes
3148,6.13,135,10,70,4,No,2,2,72,Yes
620,6.95,93,9,60,9,No,0,0,73,Yes
4832,7.48,126,10,57,5,Yes,0,4,80,Yes
4002,6.9,104,7,70,8,No,6,1,73,Yes
1215,5.72,83,4,78,5,No,4,5,92,No
1703,8.77,127,8,66,8,No,5,2,88,Yes
3265,8.17,87,9,84,4,No,4,3,99,No
2066,6.15,127,10,94,6,Yes,5,4,92,Yes
784,7.37,98,4,62,3,Yes,2,1,70,Yes
4284,5.1,88,10,67,4,Yes,2,3,65,No
3669,5.65,112,7,66,6,Yes,2,0,88,Yes
3537,9.7,132,4,80,2,Yes,6,2,67,Yes
1580,6.32,129,3,56,3,No,3,1,88,No
4208,6.5,134,4,42,8,No,6,3,62,Yes
4761,9.14,99,6,41,10,No,3,4,93,Yes
3449,7.11,119,9,66,6,No,5,3,77,No
4055,8.89,113,8,100,3,No,1,2,90,Yes
2396,8.82,84,6,94,8,No,6,4,95,Yes
3270,6.66,98,7,86,9,Yes,0,0,64,Yes
625,6.53,128,9,64,8,No,5,1,90,Yes
3395,9.53,135,7,48,9,No,5,3,94,Yes
1366,5.52,109,6,59,10,Yes,6,4,90,No
2895,5.65,131,9,99,9,No,0,2,83,Yes
3004,7.0,144,5,49,3,No,3,2,100,No
3816,8.87,134,6,65,7,No,0,2,61,No
2221,8.06,126,7,78,3,Yes,3,2,77,Yes
2182,9.48,109,5,94,10,No,1,4,99,Yes
3408,7.95,120,7,50,8,Yes,3,3,61,Yes
1001,5.37,110,4,50,2,Yes,2,4,91,No
4580,9.46,140,5,73,4,No,4,2,92,Yes
3927,7.59,143,7,44,6,Yes,4,2,74,Yes
1085,8.33,129,3,75,5,Yes,5,4,99,No
355,5.43,122,10,40,6,Yes,5,0,82,Yes
3585,7.55,143,7,60,10,Yes,5,5,68,No
3779,6.1,129,9,98,2,No,6,4,81,Yes
4054,7.98,143,8,88,3,Yes,6,0,63,Yes
1268,6.21,139,6,99,7,No,5,1,70,Yes
4175,7.85,97,3,95,5,Yes,1,4,88,No
2919,9.37,123,4,68,6,Yes,4,5,71,Yes
459,8.1,90,7,94,4,No,1,2,100,No
3216,6.46,142,9,75,10,No,1,2,64,Yes
9,6.56,87,6,92,2,No,3,2,64,No
2167,5.19,114,6,85,4,Yes,5,0,71,Yes
1205,8.28,115,4,55,10,Yes,4,3,62,Yes
3282,8.39,104,7,83,4,No,5,2,72,Yes
4659,6.84,113,10,54,10,No,4,1,62,Yes
3773,9.6,93,4,72,10,No,4,3,99,Yes
2512,7.42,144,3,88,8,No,4,5,98,Yes
3987,8.63,119,6,78,4,Yes,5,2,62,Yes
4524,9.11,84,10,90,5,No,2,5,90,No
1542,7.0,130,5,75,3,No,3,1,67,Yes
2431,5.22,115,9,91,3,No,6,2,66,Yes
2586,7.45,81,8,71,5,No,5,0,81,Yes
716,6.52,118,7,83,7,Yes,4,2,69,No
444,7.48,127,10,71,2,Yes,5,1,80,Yes
2939,8.81,119,5,57,4,Yes,3,3,71,Yes
3833,5.41,128,4,85,10,No,4,4,97,No
4552,6.72,112,3,43,2,Yes,2,0,61,No
2059,8.55,121,7,83,4,Yes,4,4,100,Yes
2063,6.25,105,3,91,5,Yes,5,2,93,Yes
192,8.68,133,3,71,10,Yes,2,3,75,Yes
2097,6.17,94,3,57,8,No,3,2,66,Yes
425,7.66,135,10,99,10,No,1,5,97,Yes
1073,7.77,125,4,44,4,No,3,2,90,Yes
1644,6.05,101,10,47,3,No,6,2,99,Yes
2695,8.14,117,4,47,4,No,3,5,79,No
1390,9.16,106,9,43,9,Yes,1,1,84,Yes
182,9.79,105,4,48,3,No,5,3,65,Yes
1681,8.87,112,3,98,3,No,1,1,81,No
3501,8.33,119,5,81,5,Yes,0,1,88,No
2428,8.09,113,7,85,3,No,2,1,72,Yes
788,9.56,121,5,53,2,No,2,2,63,Yes
2629,5.47,118,7,82,9,Yes,0,5,97,No
1351,5.13,107,7,49,2,Yes,5,4,93,No
1491,8.2,114,5,81,8,No,6,1,69,Yes
4475,8.81,117,8,69,6,Yes,6,0,98,Yes
4818,5.35,94,10,90,2,Yes,5,1,68,Yes
1601,8.21,104,5,91,6,Yes,5,2,94,Yes
4836,8.49,117,9,95,6,No,0,0,92,Yes
4582,8.89,83,5,89,9,Yes,2,2,94,Yes
4865,8.09,111,4,89,7,No,2,3,91,No
4431,8.27,144,5,78,8,No,2,5,83,No
2432,7.12,91,10,79,5,Yes,5,1,62,Yes
59,8.83,101,10,98,4,No,4,0,85,Yes
523,7.17,142,6,60,2,Yes,4,0,71,Yes
1901,7.76,120,6,82,3,Yes,1,0,76,Yes
2986,6.08,144,10,81,5,No,0,4,86,No
4850,7.16,103,5,74,2,No,2,2,64,No
3851,5.39,82,4,72,9,No,0,1,75,No
4375,5.36,125,10,68,5,No,3,3,61,No
2275,9.27,107,5,66,3,Yes,6,4,63,No
2602,9.22,85,10,87,5,No,0,2,97,No
123,8.79,110,8,41,4,Yes,1,5,86,No
1002,5.05,134,5,70,9,No,5,4,67,No
1374,7.91,128,3,46,2,No,2,4,83,No
917,8.4,97,8,82,9,No,0,0,95,Yes
827,6.25,144,8,47,2,No,0,3,79,No
527,8.43,129,10,55,2,Yes,5,0,93,Yes
2423,5.65,118,10,45,3,No,1,3,60,No
2002,8.52,145,5,70,5,No,6,4,65,No
1547,5.73,80,7,57,10,Yes,3,1,72,Yes
2945,8.87,134,7,60,5,Yes,0,3,85,Yes
3633,6.93,104,5,86,3,Yes,4,3,79,Yes
1137,5.52,86,6,47,5,Yes,0,4,77,No
3662,7.15,125,10,88,9,No,1,4,93,Yes
3615,9.64,119,7,51,5,Yes,2,3,99,No
279,9.79,141,4,58,8,No,0,0,69,Yes
3482,6.16,122,4,50,3,No,5,4,61,No
883,5.93,126,3,41,5,Yes,1,1,76,No
738,5.15,135,4,64,9,Yes,3,3,89,No
2927,5.65,141,6,85,6,No,5,1,79,No
4333,6.91,92,3,82,10,Yes,5,2,100,Yes
3553,7.79,97,3,67,4,Yes,6,2,81,Yes
295,5.67,106,6,91,2,No,4,2,98,No
505,8.46,142,7,56,10,No,0,3,66,Yes
1660,9.47,119,8,53,5,No,5,1,62,Yes
2120,9.67,113,7,87,5,Yes,2,0,79,Yes
1718,9.29,91,8,99,5,No,0,2,98,Yes
4733,9.77,92,8,81,7,No,1,1,64,Yes
3721,8.84,102,9,67,8,Yes,6,0,71,Yes
1183,8.76,118,4,47,9,Yes,4,4,81,No
3202,6.4,120,5,79,6,No,1,0,91,Yes
3756,6.47,110,8,64,9,No,1,2,69,Yes
548,6.03,120,3,89,6,No,4,4,96,Yes
2757,5.45,115,3,92,8,No,1,5,87,No
4,5.75,123,4,45,8,Yes,6,2,98,No
979,5.57,130,10,59,4,No,3,5,65,No
1144,8.53,137,10,87,7,No,2,5,91,Yes
4773,7.99,134,3,80,8,No,4,0,78,Yes
1878,9.71,99,7,64,4,Yes,6,4,72,Yes
1574,8.18,81,7,61,8,Yes,2,3,99,Yes
3506,7.35,108,10,79,4,Yes,0,2,73,Yes
2609,5.69,109,6,57,10,No,6,3,79,Yes
4212,6.06,98,4,67,7,Yes,1,5,77,No
836,7.33,98,5,90,8,Yes,2,2,73,No
3147,6.66,90,6,84,3,Yes,5,4,90,Yes
3255,5.66,89,5,96,4,Yes,1,0,93,Yes
2893,7.96,124,8,64,3,No,3,3,91,No
3115,5.98,132,5,64,5,No,4,1,88,No
3019,7.83,95,7,69,2,No,1,2,88,No
3415,7.74,127,3,97,7,Yes,5,1,100,Yes
198,6.16,125,3,43,6,No,6,5,90,No
612,5.41,130,5,85,9,No,2,2,72,Yes
3220,8.58,86,9,69,3,Yes,6,4,89,Yes
2525,7.82,95,5,43,5,No,1,2,68,No
4497,6.23,104,6,46,8,No,2,4,80,No
1803,9.15,117,3,92,3,Yes,2,0,75,Yes
1141,9.32,98,3,82,9,Yes,0,1,76,No
1022,8.17,121,6,58,9,Yes,4,0,87,Yes
2476,8.62,136,8,89,6,No,1,3,77,Yes
4386,5.65,109,6,100,2,No,6,3,81,No
2440,5.25,128,4,74,9,No,6,2,86,No
1819,7.95,115,9,89,3,No,0,5,100,No
3790,9.35,100,3,46,9,Yes,0,1,63,Yes
498,6.51,115,10,51,10,Yes,1,4,68,No
2944,5.78,127,7,96,9,No,6,0,75,Yes
4953,8.91,105,6,54,5,No,3,4,79,Yes
3696,7.14,91,7,99,6,Yes,4,1,96,Yes
4388,6.9,100,5,86,3,No,0,4,91,No
3587,5.49,97,9,48,3,No,0,3,78,No
3797,8.49,112,9,51,8,No,0,5,75,Yes
4005,6.04,104,6,92,8,No,5,1,64,Yes
1571,7.18,104,3,97,10,No,3,1,64,Yes
63,5.96,82,5,55,4,No,0,4,73,No
3674,6.19,140,3,41,9,Yes,2,2,83,Yes
714,7.21,97,8,50,2,Yes,3,5,82,No
753,6.97,88,6,94,8,Yes,2,5,70,No
1223,8.04,105,5,96,9,Yes,0,3,76,Yes
3902,5.81,115,4,100,5,No,0,3,92,No
809,5.1,116,6,70,7,Yes,4,1,97,Yes
2106,8.44,131,10,74,9,Yes,4,4,90,Yes
3456,8.61,109,10,68,3,No,6,0,72,Yes
1928,5.6,92,9,60,2,No,5,2,77,No
1189,7.38,108,8,67,9,Yes,6,1,61,Yes
3130,7.77,119,7,47,8,Yes,1,1,94,Yes
1971,5.56,103,6,51,2,Yes,5,4,84,No
4248,6.19,88,4,42,6,No,2,3,95,No
1447,8.38,97,9,53,9,Yes,5,5,79,Yes
717,7.49,127,10,66,7,No,1,0,73,Yes
1883,7.31,86,9,47,7,No,3,1,95,Yes
1300,7.09,131,10,93,5,Yes,2,4,81,Yes
1676,8.15,81,9,45,7,No,3,0,66,Yes
987,8.16,111,7,42,10,No,2,5,94,No
3886,6.81,144,4,47,2,Yes,1,5,68,No
141,9.0,125,4,65,2,Yes,3,0,80,Yes
3353,8.48,87,10,92,6,Yes,1,1,87,Yes
1924,6.9,99,10,78,3,Yes,4,0,65,Yes
4159,8.29,121,3,59,2,No,6,2,84,No
1112,8.81,119,5,90,5,No,3,3,88,Yes
378,5.14,104,6,93,2,Yes,3,0,83,Yes
1800,9.08,101,4,45,4,Yes,0,1,87,No
2767,5.66,94,7,84,2,No,1,1,99,No
1637,5.8,92,5,87,10,Yes,0,4,73,No
4772,7.37,91,4,79,4,Yes,6,4,98,No
3295,9.72,115,3,55,2,Yes,2,4,92,No
500,8.35,138,8,84,2,Yes,1,3,97,No
2067,8.87,135,6,97,6,Yes,1,2,78,Yes
4371,7.77,98,5,90,8,No,1,4,67,Yes
1280,6.03,104,9,63,4,No,0,1,88,No
145,9.35,124,8,86,4,Yes,1,2,72,Yes
3432,7.7,106,4,68,4,Yes,3,5,85,No
1145,7.2,125,7,85,7,No,6,5,98,Yes
3083,7.6,129,3,52,2,No,6,3,78,No
2335,5.57,131,3,59,10,Yes,6,1,91,Yes
367,9.04,133,10,76,5,No,0,3,62,Yes
4293,8.05,93,6,44,3,Yes,3,4,79,No
4977,5.76,120,9,80,9,Yes,1,1,88,No
1675,6.02,116,4,94,5,No,3,4,81,No
2430,7.29,133,3,67,5,No,4,2,71,Yes
3564,9.75,128,8,77,2,Yes,6,5,84,Yes
967,5.56,127,5,94,7,No,4,5,60,No
2226,9.71,134,3,72,9,No,1,4,64,Yes
3272,8.13,135,4,46,4,Yes,4,2,70,No
2599,5.73,101,6,70,2,Yes,6,3,80,Yes
4789,5.95,108,8,41,2,Yes,2,5,80,No
238,6.32,102,9,75,9,Yes,2,5,84,Yes
3671,7.44,89,3,72,4,No,3,3,81,No
3714,8.57,144,4,87,9,Yes,2,1,68,Yes
2334,5.77,127,7,52,6,Yes,5,1,75,Yes
1019,5.92,98,9,41,5,Yes,0,3,86,No
2346,6.09,137,9,75,3,No,0,1,78,No
4736,5.1,82,3,50,9,No,2,5,99,No
3974,7.44,144,10,98,10,Yes,3,0,63,Yes
4918,5.41,107,6,88,8,No,3,2,89,No
1146,6.3,82,5,66,5,No,1,2,91,No
2818,7.55,85,5,73,5,Yes,2,0,81,Yes
640,6.91,118,10,87,10,Yes,5,5,84,Yes
306,7.85,136,3,40,7,No,6,3,68,Yes
4694,9.45,132,6,55,4,No,6,4,98,Yes
4265,7.23,98,10,89,2,Yes,1,3,96,Yes
2954,6.96,109,10,61,6,Yes,6,5,76,Yes
4422,7.78,137,6,44,9,No,4,4,67,Yes
1454,5.28,127,4,50,2,No,4,0,60,No
4013,9.76,81,6,58,3,Yes,1,1,67,Yes
4782,8.61,140,3,74,7,No,6,5,70,Yes
1496,9.37,132,5,75,10,No,5,2,75,Yes
890,8.61,145,8,71,10,No,2,5,83,Yes
4474,6.41,99,6,46,2,Yes,0,5,88,No
3978,8.86,107,6,51,6,No,2,5,86,Yes
1481,8.48,121,8,42,4,No,5,1,60,Yes
1427,9.02,128,9,42,3,No,6,5,66,Yes
1514,8.05,117,9,72,6,Yes,2,2,75,Yes
654,9.49,125,8,83,6,Yes,5,5,65,Yes
1501,7.83,101,8,94,6,Yes,2,4,61,Yes
3407,7.89,125,10,98,9,Yes,5,3,70,Yes
3373,7.48,141,4,85,4,No,6,2,90,Yes
631,5.38,115,10,73,3,No,4,0,75,Yes
1235,7.5,138,7,98,3,No,6,0,88,Yes
4384,5.54,109,9,60,10,Yes,0,2,96,No
3828,8.65,116,10,95,2,Yes,1,0,77,Yes
3989,8.2,122,6,78,2,No,3,4,73,Yes
1579,6.97,81,5,77,2,No,3,0,92,No
4368,8.95,142,10,91,6,Yes,3,0,97,Yes
1804,8.27,93,9,70,10,Yes,1,3,91,Yes
3952,8.46,96,3,52,10,No,3,1,66,No
786,9.26,83,7,83,3,Yes,4,0,80,Yes
3853,6.48,128,9,89,10,No,4,3,76,Yes
4740,9.44,143,7,83,8,No,1,3,92,Yes
3061,5.6,124,8,76,7,No,4,5,73,No
3963,6.49,93,7,69,3,Yes,3,3,87,No
1104,7.78,93,4,69,3,Yes,2,2,71,No
567,6.13,144,7,91,2,No,3,0,95,Yes
3514,6.49,140,9,50,4,Yes,2,4,85,No
1662,8.3,110,10,67,8,Yes,5,5,95,Yes
1165,7.5,111,6,46,9,Yes,4,3,85,No
1021,6.29,115,8,85,8,Yes,0,1,62,No
2418,5.91,112,5,81,2,Yes,1,1,75,Yes
2819,9.53,103,3,79,5,Yes,2,5,74,Yes
1612,5.8,102,6,57,3,Yes,5,2,87,No
4544,9.74,84,8,70,10,No,4,0,74,Yes
569,8.3,133,6,76,4,Yes,2,4,81,Yes
2038,5.51,94,9,53,10,Yes,4,4,65,Yes
1570,7.51,130,6,76,7,No,5,0,74,Yes
3837,6.21,123,9,99,10,No,0,5,89,Yes
826,5.77,83,7,55,6,No,4,0,63,Yes
1160,5.61,117,3,88,8,Yes,5,0,89,Yes
96,7.61,138,8,95,5,No,1,4,84,No
1352,7.97,101,8,81,4,No,4,2,93,Yes
223,8.47,81,7,81,7,No,0,5,67,No
1797,8.96,129,3,50,3,No,2,0,85,Yes
2700,9.64,103,9,44,8,No,6,2,81,Yes
1143,5.08,117,6,73,10,Yes,1,0,66,Yes
3245,7.82,104,8,88,6,Yes,3,1,97,Yes
4308,6.11,112,4,74,5,No,4,5,82,No
2090,5.07,95,5,65,3,Yes,6,4,74,No
4191,9.77,140,10,88,4,Yes,0,4,72,Yes
965,9.47,88,8,64,8,No,6,4,87,Yes
900,7.48,139,10,61,3,Yes,1,3,86,No
250,9.03,89,3,88,2,Yes,6,5,74,No
1805,5.82,103,4,40,4,No,3,4,94,No
2913,8.31,86,9,73,4,No,0,1,60,Yes
2782,9.43,120,9,58,9,Yes,6,3,95,Yes
4615,8.4,121,9,43,4,No,4,1,77,Yes
462,7.41,91,9,63,10,Yes,1,4,70,Yes
3548,5.35,140,10,63,10,No,3,1,88,Yes
2683,5.52,124,3,47,8,No,1,4,98,No
4442,5.76,111,6,49,8,Yes,3,5,87,No
4209,8.79,103,9,97,2,Yes,4,0,100,Yes
2232,6.23,128,9,56,7,Yes,4,4,97,Yes
4090,5.41,129,3,55,5,No,5,5,74,No
1964,7.65,81,8,55,3,Yes,3,4,92,Yes
3550,8.12,87,9,77,7,No,3,2,91,Yes
889,9.25,106,4,90,9,No,4,0,70,Yes
712,6.33,88,8,77,9,No,6,2,100,Yes
3313,8.06,86,10,91,8,Yes,6,2,88,Yes
2246,6.89,95,4,76,5,No,0,0,75,Yes
3998,6.85,86,9,95,10,Yes,4,4,84,Yes
2342,8.39,82,10,99,4,No,5,3,93,Yes
492,8.9,112,10,64,9,No,6,2,89,Yes
3232,8.67,108,10,60,6,No,6,1,62,Yes
2702,8.88,139,7,73,10,No,2,3,84,Yes
2776,9.0,94,6,49,6,No,6,0,96,Yes
2973,8.84,134,8,55,7,No,1,5,68,Yes
124,8.58,140,10,89,7,No,0,3,92,Yes
2333,9.77,131,7,95,2,Yes,0,0,62,Yes
2807,8.45,113,10,98,7,No,6,4,73,Yes
618,6.84,123,6,92,8,No,3,4,81,Yes
1562,7.09,142,6,85,2,Yes,0,4,83,No
4648,7.99,80,7,58,9,No,0,5,80,No
3517,8.74,127,6,44,9,Yes,3,1,62,Yes
1150,7.18,124,7,47,2,No,5,1,89,Yes
1977,9.57,128,10,93,3,Yes,5,0,87,No
2734,9.42,97,9,54,2,Yes,6,1,98,Yes
562,5.68,82,9,77,10,Yes,1,0,78,Yes
4795,6.79,82,4,45,7,Yes,1,5,88,No
1698,5.92,117,8,48,8,No,3,4,78,No
765,6.32,90,10,70,8,No,2,5,87,Yes
2155,7.68,103,5,41,7,No,1,1,67,No
696,6.79,116,3,49,7,Yes,1,4,70,No
3525,7.68,81,7,62,9,No,5,2,86,Yes
1267,7.95,127,5,49,6,No,1,4,83,No
1951,7.54,109,10,61,5,Yes,5,4,84,Yes
3815,8.31,94,4,41,8,No,2,0,74,Yes
4762,7.25,145,5,56,5,No,4,3,93,Yes
2821,8.89,97,5,83,8,No,2,4,79,Yes
2109,6.14,106,7,52,3,No,5,3,81,No
2299,7.85,80,3,73,10,No,6,4,65,No
2203,5.91,85,8,70,6,No,4,4,75,No
2020,7.06,144,7,44,3,No,5,4,66,Yes
4020,7.08,109,3,50,4,Yes,4,2,65,No
4314,8.1,97,3,85,3,Yes,6,0,78,Yes
4547,8.96,137,7,58,4,Yes,2,2,63,Yes
4222,8.63,142,7,78,8,No,6,1,95,Yes
3681,8.85,95,9,75,5,Yes,6,5,90,Yes
358,5.35,84,7,41,7,Yes,0,0,81,No
2836,6.29,103,10,75,9,Yes,3,0,100,Yes
4627,5.38,81,3,67,10,Yes,2,1,87,No
4620,7.4,94,7,75,10,No,0,3,63,No
3881,8.48,123,7,78,7,No,2,3,92,Yes
3516,7.86,80,6,75,7,Yes,5,2,86,Yes
1559,8.25,83,3,71,8,No,3,1,60,Yes
311,7.88,116,3,94,6,Yes,4,4,72,Yes
2046,8.43,99,6,94,4,Yes,3,3,82,Yes
4844,6.74,127,8,40,10,No,0,1,100,Yes
1308,9.49,131,8,97,6,No,5,3,98,Yes
4096,8.7,94,4,97,2,Yes,4,1,96,Yes
128,8.37,107,9,68,5,Yes,6,3,85,Yes
4463,9.51,99,6,51,4,No,5,5,71,Yes
1831,6.38,113,6,40,5,Yes,4,0,92,Yes
104,5.38,128,6,71,4,Yes,5,2,89,No
660,9.18,99,6,99,3,Yes,1,3,61,Yes
4030,6.31,140,4,86,3,No,5,3,77,No
3687,5.16,127,6,78,3,Yes,2,1,71,No
3566,5.04,104,7,78,10,Yes,6,3,95,Yes
1674,7.62,133,3,72,6,No,5,0,91,Yes
2725,6.12,114,8,68,2,Yes,2,1,88,No
3765,8.09,87,8,60,9,No,3,5,90,Yes
1531,6.87,104,7,85,4,Yes,6,0,90,Yes
2713,8.85,109,8,96,3,No,1,2,61,Yes
4482,9.07,143,8,50,8,No,2,4,89,Yes
44,6.51,145,4,64,5,Yes,5,3,60,Yes
2505,6.19,94,9,43,9,No,0,0,78,No
4541,6.88,114,10,84,6,Yes,3,4,77,Yes
2262,8.67,120,8,47,5,No,6,2,94,Yes
4358,7.62,116,4,63,9,No,5,1,98,Yes
1697,6.96,114,6,71,10,Yes,3,1,99,Yes
1793,8.02,89,8,43,9,Yes,1,5,93,No
1741,7.48,99,9,64,3,Yes,1,2,92,No
3401,5.29,96,10,54,4,Yes,2,3,61,No
3036,6.32,106,6,98,6,No,0,2,74,No
4698,7.31,126,3,81,8,Yes,5,0,69,Yes
2250,6.82,131,5,98,9,Yes,5,2,92,Yes
1419,6.68,108,7,48,8,Yes,5,4,69,No
3421,9.57,104,8,83,5,Yes,0,1,78,Yes
1546,6.1,142,3,62,3,No,2,4,70,No
3512,6.07,118,10,66,9,Yes,2,4,96,Yes
2539,6.53,138,4,76,3,No,4,5,96,No
2364,8.08,109,10,82,2,Yes,3,2,79,Yes
4882,8.67,135,6,45,6,No,5,0,93,Yes
1004,5.2,137,5,83,10,No,1,0,83,Yes
1389,6.3,107,8,41,4,No,3,0,84,No
2496,8.15,141,8,94,8,Yes,0,3,91,Yes
1843,6.1,109,4,55,4,No,6,0,80,Yes
4559,6.32,141,9,96,5,No,6,0,100,Yes
4608,8.33,115,6,45,9,Yes,0,3,74,No
4224,7.8,114,5,93,10,No,5,4,61,Yes
2042,8.47,141,5,40,2,Yes,1,4,78,No
1184,8.94,117,7,64,7,Yes,6,1,78,Yes
366,8.2,90,8,91,10,Yes,6,4,74,Yes
1921,6.5,88,10,40,4,No,0,3,69,No
2864,8.21,140,8,67,4,No,2,0,71,Yes
4764,8.74,84,10,44,7,Yes,6,2,97,Yes
3985,6.37,134,7,53,2,Yes,6,3,62,Yes
1029,5.29,104,9,71,10,No,0,1,88,Yes
3369,8.25,145,8,78,5,No,0,1,82,Yes
2692,7.04,141,4,71,3,Yes,4,3,63,No
2324,9.47,131,5,94,4,Yes,0,4,88,Yes
4909,6.23,100,9,79,10,No,4,5,84,No
1839,9.59,144,9,90,9,No,2,2,70,Yes
1917,6.7,85,10,97,10,No,1,3,78,Yes
3066,9.43,134,10,65,5,Yes,1,3,91,Yes
1495,5.84,118,4,91,10,Yes,1,1,86,No
1756,7.88,139,4,74,2,No,1,1,97,No
1151,7.51,117,5,59,9,Yes,6,2,60,Yes
4599,5.69,139,10,77,5,No,5,4,96,Yes
2795,9.05,141,10,70,9,No,6,0,67,Yes
1285,8.41,120,4,94,10,Yes,6,1,99,Yes
4856,8.27,119,6,90,4,Yes,0,4,97,Yes
1599,5.3,114,7,95,6,No,1,2,80,Yes
4404,6.96,113,6,95,8,No,6,4,67,Yes
1314,7.18,142,9,67,2,Yes,2,5,100,No
4652,6.01,145,3,74,6,Yes,2,0,84,No
3027,5.38,125,6,45,9,Yes,2,5,81,No
1959,9.62,85,7,61,5,Yes,4,1,80,Yes
3171,9.4,131,3,48,5,No,2,0,61,Yes
483,8.16,109,10,90,4,Yes,4,3,81,Yes
2595,9.71,104,3,64,8,Yes,4,1,65,Yes
2128,5.26,83,5,97,7,Yes,6,0,73,Yes
4807,6.73,122,9,98,4,Yes,0,5,97,No
2283,5.8,88,10,93,2,No,2,1,86,No
3940,8.84,97,7,66,8,Yes,0,1,70,Yes
2928,5.82,101,7,46,10,No,6,5,74,Yes
4287,5.52,136,4,79,10,No,0,4,98,Yes
4397,5.16,144,7,40,9,Yes,2,1,95,Yes
1955,9.06,89,4,48,5,Yes,5,3,78,Yes
903,7.82,84,5,49,7,No,6,4,98,Yes
4370,6.05,118,10,68,6,No,3,1,72,Yes
4058,6.15,141,9,100,4,Yes,5,0,100,Yes
1779,9.57,111,5,61,3,Yes,6,4,79,Yes
3017,6.33,137,4,88,2,Yes,0,1,81,No
832,6.89,113,10,80,8,No,5,3,86,Yes
1364,8.0,94,5,71,2,Yes,4,3,91,No
2180,6.3,110,3,99,7,No,1,3,99,No
4616,9.71,143,10,78,8,Yes,6,2,76,Yes
650,7.36,98,9,53,3,No,5,2,66,No
3754,5.91,95,5,86,3,No,3,2,92,No
328,9.03,81,8,40,8,No,5,2,66,Yes
2273,8.5,140,5,87,8,No,6,4,86,Yes
1865,5.83,85,7,88,10,No,6,5,89,Yes
4350,6.89,129,5,85,3,No,0,2,64,No
4704,9.76,127,9,76,3,Yes,3,0,100,Yes
4978,7.56,144,10,62,10,No,2,0,97,Yes
1126,7.94,128,7,84,4,No,4,3,67,No
3967,6.38,137,10,52,5,No,6,4,64,Yes
1509,8.01,138,8,90,3,No,0,5,68,No
3663,5.72,122,8,55,10,No,2,0,94,No
3133,7.35,118,8,100,6,Yes,2,4,91,Yes
301,7.06,107,10,57,7,No,2,4,96,No
1048,6.61,103,9,49,6,No,2,2,66,No
261,8.69,130,8,41,6,No,3,3,74,Yes
2272,7.32,119,4,80,4,Yes,2,4,89,No
2305,5.4,92,4,60,3,No,4,5,83,No
1909,8.37,145,10,97,4,No,0,3,61,Yes
1080,5.18,99,10,49,5,Yes,0,4,84,No
3793,7.19,121,4,98,8,Yes,2,5,100,Yes
4077,7.53,96,7,62,6,Yes,2,4,100,No
480,5.99,120,9,63,3,Yes,5,4,76,No
3360,8.18,113,5,43,6,Yes,2,0,82,Yes
3980,5.98,88,8,46,9,Yes,5,3,82,Yes
1340,8.47,110,5,70,5,Yes,2,0,61,Yes
2424,7.02,82,5,69,9,No,2,3,77,No
3260,8.05,131,10,98,3,Yes,4,1,89,Yes
4929,8.09,96,5,57,8,No,3,0,97,Yes
513,8.36,90,6,50,8,Yes,0,3,95,No
2968,6.7,104,10,87,9,No,6,0,75,Yes
871,9.07,88,5,43,9,Yes,4,5,87,No
4657,5.11,80,10,56,2,No,5,2,64,No
2460,6.3,145,7,82,5,No,5,1,64,Yes
1436,5.54,119,7,88,10,No,3,4,64,No
2923,5.04,140,9,73,7,No,4,0,97,Yes
1900,5.18,113,6,74,10,Yes,5,4,100,Yes
1401,5.54,140,10,66,10,Yes,6,4,100,No
2311,6.66,88,10,56,7,No,3,1,82,Yes
2582,8.33,86,6,41,6,No,1,2,97,No
1062,5.37,139,10,60,8,No,1,0,83,Yes
3731,8.13,88,8,85,6,No,0,2,66,No
4395,8.54,134,10,47,3,No,2,1,97,Yes
4323,6.84,111,5,73,7,Yes,5,5,63,No
4027,5.12,110,5,40,7,Yes,6,1,64,Yes
2775,6.22,116,9,96,4,Yes,2,3,77,Yes
3053,7.95,113,6,82,3,No,5,2,94,Yes
1134,5.14,137,8,56,3,No,0,2,87,No
802,5.42,97,3,52,3,No,5,1,61,No
3439,9.27,136,3,52,8,No,1,0,87,Yes
3085,8.55,127,3,70,8,No,5,0,100,Yes
2178,8.54,101,3,43,2,Yes,1,5,70,No
1815,9.41,122,3,100,5,No,4,3,98,Yes
3863,9.15,136,6,87,7,No,4,2,68,Yes
510,7.74,89,4,50,7,Yes,2,5,78,No
2457,9.58,110,4,83,5,No,2,5,100,Yes
1305,6.45,90,5,55,5,Yes,5,1,69,Yes
725,5.92,116,5,97,10,Yes,5,0,73,Yes
2504,6.65,90,4,60,9,Yes,5,4,85,Yes
1856,8.15,103,3,60,4,Yes,4,4,99,No
4585,7.02,116,4,77,3,Yes,5,3,97,No
1745,6.21,95,3,56,6,No,5,1,95,Yes
67,5.06,133,10,46,8,No,5,3,69,No
761,7.03,111,7,96,4,Yes,5,2,79,No
1397,8.95,133,5,51,10,No,5,5,71,Yes
1622,7.09,103,6,66,6,Yes,0,1,65,Yes
611,6.63,136,3,48,2,No,5,0,66,No
679,7.5,107,10,93,9,Yes,5,3,75,Yes
2788,6.57,99,8,55,7,No,1,4,97,No
373,5.18,115,9,49,8,Yes,2,5,75,No
4889,7.18,81,5,72,9,Yes,0,3,70,No
3729,5.52,109,3,49,6,Yes,5,2,86,Yes
2159,7.95,128,8,44,7,Yes,5,3,91,Yes
4225,9.73,132,7,92,3,Yes,3,5,75,Yes
2125,8.32,94,10,88,2,No,2,4,82,No
2676,7.28,128,3,70,4,No,6,0,66,Yes
2119,9.1,117,8,79,8,Yes,2,3,87,Yes
4932,7.82,131,7,47,5,No,3,3,77,Yes
2350,8.84,125,4,67,3,Yes,6,2,69,Yes
1153,5.66,116,5,45,6,Yes,5,1,87,Yes
1716,7.57,89,4,83,10,Yes,1,1,73,Yes
4680,9.53,114,6,52,6,Yes,6,2,94,Yes
243,6.0,122,7,98,2,Yes,1,5,67,No
4917,8.86,101,7,58,7,Yes,3,5,97,No
215,8.44,92,5,40,10,No,1,3,90,No
1261,6.94,140,6,43,9,Yes,2,5,81,Yes
3411,6.19,134,3,60,10,No,0,0,94,Yes
3331,7.04,82,5,100,4,Yes,4,3,83,Yes
2213,6.59,107,7,68,2,Yes,2,3,84,No
453,8.1,145,5,50,4,Yes,6,2,72,Yes
4331,5.14,112,5,72,8,No,4,0,85,No
4566,9.08,112,9,55,4,No,2,4,92,Yes
1380,7.33,86,3,98,10,Yes,4,3,62,Yes
3895,8.98,109,4,48,9,No,2,0,79,Yes
424,6.99,95,10,69,10,Yes,3,0,93,Yes
1795,5.08,143,10,68,6,Yes,0,5,88,Yes
2376,5.99,87,5,51,4,No,0,0,89,No
2149,5.19,123,9,65,10,Yes,2,4,69,Yes
1333,9.55,95,4,65,5,Yes,0,4,78,No
4210,6.26,122,6,72,3,No,5,3,68,Yes
4034,7.4,131,10,68,8,No,4,2,68,Yes
4967,7.86,112,7,97,4,No,5,2,76,Yes
2677,7.95,141,3,75,4,Yes,2,4,73,No
1720,7.35,107,9,96,7,Yes,4,4,74,Yes
1918,8.88,108,8,86,8,Yes,6,3,97,Yes
1679,9.19,80,6,44,6,No,0,3,81,No
76,7.56,115,3,43,10,Yes,1,5,91,No
684,9.18,139,3,95,3,Yes,5,2,93,Yes
1786,6.72,98,9,82,6,Yes,4,3,96,Yes
4076,7.4,96,9,50,4,Yes,6,5,78,Yes
1092,6.37,135,7,84,3,No,6,0,65,Yes
2215,8.93,108,8,40,9,No,1,2,81,Yes
935,8.99,106,6,72,3,Yes,3,2,70,Yes
1506,7.35,114,4,98,9,No,0,5,80,Yes
1833,6.29,84,4,93,7,Yes,2,0,80,Yes
2179,5.93,130,6,95,3,Yes,5,0,80,Yes
2086,5.71,99,10,54,5,No,4,4,71,No
1994,7.26,102,5,98,10,No,5,2,60,Yes
2640,8.04,125,5,80,4,No,3,3,76,Yes
666,8.03,128,5,41,9,Yes,0,1,65,No
3201,8.81,116,6,73,5,No,0,0,61,Yes
4976,8.27,117,9,88,2,No,6,2,81,Yes
1446,8.39,88,8,44,6,No,5,0,98,Yes
1573,6.42,106,5,92,3,Yes,3,0,87,Yes
2177,7.53,100,6,47,10,Yes,1,3,87,Yes
1727,7.5,122,10,50,10,No,1,3,87,No
1816,6.2,117,5,59,7,No,4,4,95,No
1231,9.54,106,9,73,6,No,4,2,66,Yes
3673,8.4,96,6,72,9,Yes,2,5,97,Yes
2556,6.46,116,4,86,2,No,6,5,79,No
949,5.81,142,3,46,3,No,3,4,86,No
3730,8.76,122,4,76,2,Yes,0,2,64,No
3113,9.15,132,4,53,10,Yes,3,4,90,Yes
4014,8.27,83,8,95,5,Yes,5,0,94,Yes
2219,7.81,119,5,83,7,Yes,6,2,66,Yes
356,5.52,80,3,64,9,No,1,3,91,No
1691,7.89,92,8,47,3,No,6,2,80,Yes
1320,5.18,130,6,51,3,No,1,5,69,No
1980,8.93,114,10,42,10,No,2,4,72,Yes
2738,5.61,125,3,53,3,No,4,1,92,No
448,7.08,82,9,83,3,No,5,5,99,No
2008,5.66,86,8,61,2,Yes,3,2,63,No
3708,8.84,102,3,43,6,Yes,5,4,87,Yes
815,5.73,145,4,85,2,No,3,3,67,Yes
2685,7.01,141,6,83,6,No,0,2,62,Yes
4907,8.79,89,9,88,3,No,1,3,86,No
57,8.67,128,10,40,7,Yes,3,3,94,Yes
2964,6.78,133,4,70,2,Yes,1,0,88,No
856,9.72,123,6,69,7,Yes,5,1,60,Yes
932,6.99,116,3,54,7,Yes,1,4,63,Yes
4527,6.8,86,3,79,5,Yes,2,0,99,No
4695,5.66,125,7,67,10,No,1,4,86,Yes
2016,9.47,124,7,68,7,Yes,2,0,91,No
4803,8.25,128,3,98,8,No,6,5,72,Yes
2578,5.51,102,7,95,6,Yes,6,4,97,Yes
3914,7.32,105,9,62,3,No,6,3,83,No
4688,5.76,108,3,62,9,Yes,1,0,93,No
2080,8.91,88,3,99,7,Yes,4,5,62,No
1603,5.88,143,8,55,8,No,2,4,89,No
2170,6.26,87,9,59,6,No,6,5,60,No
743,6.17,110,7,77,3,No,0,2,67,No
62,5.25,124,6,81,3,No,5,0,61,Yes
2886,5.71,92,6,74,10,Yes,6,1,71,Yes
810,6.63,139,5,96,6,No,3,3,83,Yes
595,7.95,143,10,71,4,No,1,5,78,Yes
1510,8.58,90,5,45,3,Yes,6,5,74,No
878,8.16,98,3,55,10,No,4,0,87,Yes
381,6.86,100,6,94,5,No,5,1,77,Yes
2628,5.78,101,4,72,3,Yes,4,0,78,Yes
4956,5.3,142,6,82,4,No,2,1,73,No
3278,5.77,135,6,80,8,Yes,1,4,80,No
4510,8.46,128,5,87,9,No,4,0,92,Yes
2585,6.53,85,10,53,7,No,3,5,91,No
1884,5.29,87,10,86,3,Yes,6,4,61,No
3686,8.21,133,3,73,10,No,4,2,61,No
2534,5.05,137,5,88,8,No,3,0,68,No
1827,6.63,101,7,45,7,Yes,6,2,90,Yes
829,8.77,97,9,73,5,Yes,4,4,72,Yes
1220,9.6,132,8,45,7,No,0,2,90,Yes
2854,7.68,124,4,62,2,No,5,5,100,No
4165,7.6,112,5,62,3,Yes,4,5,62,No
307,6.1,91,4,46,7,Yes,2,1,84,Yes
4808,6.44,97,6,60,4,No,4,4,97,No
2104,8.86,97,3,56,4,Yes,1,5,60,No
507,7.68,112,8,41,8,Yes,6,5,98,Yes
2538,7.72,87,9,56,7,Yes,5,2,89,No
481,7.57,126,7,83,8,No,3,4,95,Yes
609,6.31,100,7,47,2,No,4,4,66,No
2905,5.39,137,5,48,10,Yes,3,0,93,Yes
1411,8.98,95,7,48,7,Yes,3,4,65,Yes
1282,8.11,141,9,42,6,Yes,0,4,61,Yes
1240,5.73,103,10,58,4,Yes,0,4,73,No
4673,7.4,139,8,46,10,No,3,1,66,No
4849,5.83,101,8,60,5,No,0,1,76,No
2972,6.79,125,5,55,6,No,2,1,93,No
4745,9.55,98,10,68,3,No,3,1,100,Yes
4529,7.13,115,10,96,5,No,0,1,73,Yes
2352,5.05,105,8,42,10,No,6,1,78,Yes
1812,8.17,81,8,74,9,No,5,2,85,Yes
37,9.54,99,3,93,7,No,1,3,68,No
859,5.85,81,4,69,7,No,3,0,74,Yes
1796,8.48,132,5,78,4,Yes,4,0,91,Yes
1799,6.51,101,6,62,8,Yes,4,0,89,Yes
454,8.22,86,10,81,10,Yes,5,0,76,Yes
1617,8.43,109,9,78,9,No,5,4,75,Yes
3871,6.35,140,10,71,9,Yes,6,2,96,Yes
4233,7.48,106,5,62,4,No,5,4,100,No
2577,7.5,133,5,58,2,Yes,3,3,82,No
4419,6.95,111,3,89,2,No,2,2,73,No
2129,7.22,130,8,73,8,Yes,4,2,100,Yes
2974,7.06,84,3,95,2,Yes,0,4,65,No
4621,7.67,89,10,82,7,Yes,3,0,95,Yes
4216,9.46,105,4,71,3,Yes,4,2,82,Yes
4341,5.14,132,4,100,2,No,2,3,85,No
1707,7.27,88,10,62,6,No,3,1,77,Yes
861,5.18,143,6,40,5,No,5,3,67,Yes
4390,9.51,111,3,77,9,No,4,5,92,Yes
3682,9.13,133,9,72,2,No,6,4,82,Yes
2451,9.05,118,5,48,3,No,0,2,95,No
2650,6.95,120,9,59,4,Yes,3,0,86,Yes
2492,6.25,131,5,98,10,No,6,0,83,No
66,8.71,95,3,62,10,Yes,2,0,92,Yes
2751,6.71,99,4,95,4,Yes,5,4,78,Yes
4483,7.51,94,9,92,10,No,0,3,66,No
3620,7.44,129,10,50,6,No,4,3,66,Yes
1044,8.01,95,3,92,2,Yes,2,0,92,Yes
3939,7.92,139,6,81,10,Yes,5,2,62,Yes
4912,5.8,140,8,77,6,Yes,0,0,85,Yes
2107,5.79,142,10,54,3,No,6,1,68,Yes
2043,8.0,109,5,82,4,Yes,0,2,77,Yes
4612,6.83,114,9,99,8,Yes,5,2,65,Yes
451,8.82,117,5,59,7,No,0,4,95,No
3410,5.14,95,6,86,10,No,6,3,69,Yes
3161,8.74,131,8,40,2,No,1,4,96,No
2614,8.41,115,7,42,6,Yes,4,4,73,No
4897,5.5,100,3,75,5,No,1,2,95,No
869,6.19,140,6,61,2,No,4,1,64,Yes
1331,8.6,137,10,41,4,No,1,4,82,No
3523,8.01,105,10,72,7,No,5,2,65,Yes
255,6.08,90,3,45,8,Yes,4,3,63,No
4606,9.33,90,3,96,3,No,4,2,83,Yes
2276,6.47,135,4,84,8,Yes,3,0,69,Yes
1117,6.03,121,6,75,3,Yes,4,1,93,No
3090,8.6,81,6,59,4,Yes,5,0,98,Yes
3917,6.2,83,8,69,10,No,2,4,67,No
2053,5.97,95,9,71,2,No,2,3,95,No
2885,5.23,120,4,55,5,Yes,0,0,94,No
4344,6.67,105,9,99,7,No,2,2,94,Yes
3341,8.38,126,8,48,6,No,0,4,86,Yes
2498,5.7,122,4,77,5,No,1,1,89,No
2027,8.98,89,10,53,8,Yes,1,3,71,Yes
3203,8.43,93,10,76,8,Yes,2,3,84,Yes
100,9.65,123,9,81,3,No,6,5,94,Yes
3422,6.37,102,6,89,8,Yes,5,0,96,Yes
2412,9.23,101,9,62,3,Yes,4,0,70,Yes
2054,9.65,133,9,69,2,Yes,5,3,69,Yes
4120,9.28,129,10,75,6,No,4,4,100,Yes
2085,8.76,124,5,86,7,No,2,5,73,Yes
2145,8.44,100,5,58,2,No,0,3,86,Yes
4631,5.86,116,8,63,9,Yes,4,5,87,Yes
2402,6.29,91,6,97,9,Yes,6,0,97,Yes
4748,5.51,115,8,66,8,No,0,4,86,No
1159,5.13,133,4,88,4,No,2,1,97,No
4594,6.04,117,6,75,5,No,2,5,78,No
2598,7.21,98,6,81,9,Yes,4,4,97,No
4927,9.14,105,10,84,3,No,2,0,63,Yes
1304,5.68,124,10,65,4,No,5,1,72,Yes
1932,9.55,134,6,84,8,No,4,3,79,Yes
241,6.17,106,8,81,3,No,6,2,65,Yes
1976,5.95,82,10,93,8,No,0,2,77,Yes
3722,6.93,132,8,61,10,Yes,6,1,76,Yes
4363,7.53,143,4,63,5,Yes,4,5,86,No
1923,8.74,114,9,74,10,Yes,0,3,68,Yes
3834,8.43,138,10,67,9,No,2,0,73,Yes
2896,7.2,105,10,87,6,No,0,1,68,No
4406,9.48,125,10,90,5,No,6,2,78,Yes
1451,7.76,129,9,64,9,Yes,2,1,66,Yes
908,9.75,96,9,70,3,Yes,6,1,68,Yes
1523,6.88,118,7,54,5,No,5,3,87,No
3684,5.43,122,10,75,7,No,0,5,97,No
3367,7.1,103,7,63,5,Yes,3,5,97,No
2343,7.26,139,3,85,5,No,3,0,87,No
3034,6.35,96,7,88,10,No,1,2,98,No
971,6.48,95,7,94,9,No,1,3,78,Yes
3357,5.78,109,5,42,3,Yes,5,1,99,Yes
3296,8.64,140,4,93,10,Yes,6,2,68,Yes
4330,7.74,141,5,91,4,Yes,4,5,67,No
2715,9.43,80,9,58,3,No,5,2,91,Yes
394,8.44,90,10,61,4,Yes,0,0,88,Yes
4118,6.6,104,5,48,6,No,0,4,69,No
401,8.8,128,7,89,10,No,4,0,66,Yes
706,5.42,136,9,91,9,Yes,6,5,87,Yes
4472,9.41,121,5,40,8,Yes,1,3,63,Yes
3644,7.26,135,10,43,9,Yes,6,5,94,Yes
600,7.31,138,8,69,8,No,0,4,79,Yes
1537,5.78,96,8,41,3,Yes,2,4,90,No
2665,6.11,131,4,61,4,No,3,2,81,No
616,9.06,116,8,78,4,No,3,5,66,No
3758,6.83,142,4,76,3,No,4,4,72,No
370,7.67,121,7,73,9,No,0,5,99,Yes
680,7.08,108,5,98,2,Yes,0,0,90,Yes
782,7.36,99,10,43,5,Yes,1,1,62,Yes
4697,9.39,105,10,81,3,No,6,4,70,Yes
3320,6.37,137,5,56,2,Yes,1,1,77,No
3096,6.57,90,10,59,7,No,3,4,73,Yes
2248,5.28,121,4,94,10,No,0,2,80,No
2704,6.67,131,6,63,7,No,2,1,71,Yes
2952,8.18,113,5,53,6,No,2,4,100,Yes
4985,7.02,141,4,41,9,No,1,2,71,No
2003,8.7,89,3,56,7,Yes,2,4,99,No
1402,7.29,112,5,60,10,Yes,4,5,66,Yes
2452,8.36,89,9,83,9,Yes,3,1,71,Yes
226,8.96,111,4,73,9,No,2,0,96,Yes
535,7.25,100,4,73,4,Yes,6,2,94,Yes
2832,5.12,104,8,87,10,Yes,0,0,78,No
3249,7.98,102,9,43,2,Yes,0,0,63,No
1642,9.58,104,9,76,5,Yes,6,1,87,Yes
2133,8.22,97,3,94,5,Yes,3,2,71,Yes
2809,6.93,91,7,64,5,No,5,4,86,Yes
1074,8.66,136,5,100,3,No,3,0,83,Yes
1413,5.95,125,5,76,10,No,6,4,83,Yes
2866,7.03,109,4,78,8,Yes,6,1,99,Yes
4834,5.21,119,9,73,5,No,2,3,83,No
3065,5.47,99,4,87,7,No,6,1,95,Yes
1504,5.09,128,6,97,9,Yes,0,5,77,No
4428,7.96,137,4,69,5,No,0,2,91,No
3961,8.25,110,5,88,9,No,5,1,91,Yes
214,7.96,110,6,43,10,Yes,1,0,66,Yes
1032,7.65,101,6,42,10,Yes,0,5,69,Yes
3435,5.99,100,3,88,5,Yes,6,2,97,Yes
2146,6.24,139,4,93,9,No,5,3,80,Yes
1517,8.7,126,4,76,6,No,2,3,82,Yes
1638,6.78,137,9,61,9,Yes,2,2,83,Yes
4502,6.34,116,10,59,9,Yes,2,5,74,No
2045,8.41,81,5,87,2,Yes,5,1,63,Yes
2655,7.31,93,8,44,6,Yes,4,4,69,No
3495,8.94,85,9,54,7,Yes,4,2,69,Yes
4607,9.05,91,6,70,2,No,5,5,64,Yes
1528,8.3,120,10,90,6,No,4,2,72,Yes
1715,5.08,89,4,76,4,Yes,6,0,73,Yes
1708,9.62,114,5,70,5,Yes,1,0,75,Yes
407,5.72,91,4,86,3,No,5,1,89,Yes
4166,6.7,118,3,76,6,Yes,4,2,64,Yes
579,7.19,85,6,73,10,Yes,5,0,95,Yes
368,9.32,98,4,100,9,Yes,1,1,72,Yes
2993,9.61,88,7,95,8,Yes,1,5,98,Yes
537,8.46,129,6,73,9,No,1,4,78,No
148,7.84,125,4,59,9,No,0,2,78,No
3543,6.61,92,6,93,8,No,0,4,87,Yes
2001,6.98,107,9,62,4,No,2,3,67,No
2427,7.13,134,5,94,5,No,1,1,86,No
651,5.34,112,10,41,9,Yes,5,0,62,Yes
194,7.91,120,8,86,7,No,1,2,92,Yes
1944,6.67,86,3,84,8,Yes,1,0,71,No
939,7.65,102,7,64,9,Yes,2,3,95,Yes
167,5.53,143,3,80,10,No,5,1,78,Yes
543,7.53,111,5,75,10,Yes,0,5,96,No
3588,9.51,112,7,54,2,No,0,0,84,No
3804,6.66,88,9,87,10,No,1,4,71,No
628,7.0,138,9,79,4,No,3,4,88,No
2592,8.47,120,9,84,10,No,2,0,96,Yes
1102,8.52,138,8,51,5,No,1,2,72,Yes
4972,8.82,136,6,93,5,No,4,4,78,Yes
586,6.49,137,7,80,4,Yes,1,1,60,Yes
2766,7.37,80,7,98,7,No,5,4,89,No
372,5.48,116,8,96,8,Yes,5,3,96,Yes
4300,5.48,114,8,42,10,Yes,5,5,96,No
3618,5.13,138,9,69,5,Yes,1,0,97,Yes
1553,6.37,111,4,79,3,No,6,0,99,No
1272,6.47,131,7,75,10,No,1,0,97,No
4226,7.84,85,8,91,2,Yes,0,2,92,Yes
3175,8.7,89,4,94,5,No,5,2,61,No
4219,9.05,130,3,47,4,Yes,3,1,81,Yes
2661,7.87,122,9,83,6,Yes,1,2,71,Yes
2211,9.51,128,5,90,4,Yes,2,4,98,Yes
3186,8.17,128,8,65,10,No,1,3,90,Yes
2768,5.45,137,5,89,5,Yes,5,5,69,Yes
904,6.88,128,6,100,8,Yes,3,1,90,Yes
1635,6.42,86,8,69,8,No,6,3,64,Yes
556,7.31,105,10,65,5,No,5,4,75,No
3603,7.07,101,3,97,8,Yes,3,0,77,Yes
4387,6.78,104,8,79,9,Yes,6,4,94,Yes
4753,8.8,99,6,55,2,No,2,3,71,No
3527,7.64,87,8,48,10,No,0,5,81,No
2479,7.9,132,7,77,3,Yes,4,2,96,Yes
1650,9.46,88,8,99,2,Yes,6,3,69,Yes
3416,7.7,90,10,47,6,No,6,2,64,Yes
284,8.38,88,4,91,10,Yes,2,1,89,Yes
4102,5.84,116,3,67,7,No,1,2,70,No
1445,7.84,88,5,41,10,Yes,5,0,82,No
4759,7.21,140,10,78,8,No,0,4,96,Yes
2017,7.13,104,5,69,10,Yes,2,5,97,Yes
3403,8.49,108,10,97,9,No,2,0,66,Yes
676,7.18,129,8,48,9,No,5,2,77,Yes
4379,9.6,113,9,44,8,Yes,4,2,71,Yes
3348,8.5,130,3,90,5,Yes,6,5,85,Yes
2849,8.71,132,6,82,6,Yes,6,5,87,Yes
1378,6.73,137,6,51,7,No,3,2,81,No
1350,7.28,136,7,49,4,Yes,2,3,76,Yes
843,5.99,136,4,91,10,No,3,4,62,No
1969,6.14,93,5,47,10,No,3,1,96,No
71,7.86,115,3,73,5,Yes,5,3,91,Yes
1664,5.15,112,9,51,9,No,3,5,80,No
47,7.02,128,5,79,6,Yes,6,0,79,Yes
1164,6.49,80,10,79,5,Yes,0,1,98,Yes
2874,5.41,84,5,82,9,No,5,5,66,No
2932,8.37,91,4,82,10,Yes,0,2,86,Yes
785,8.95,107,3,73,4,Yes,0,1,91,Yes
423,7.93,104,4,99,8,Yes,6,1,81,Yes
925,5.07,120,3,64,5,No,0,5,77,No
926,6.77,88,6,66,6,No,3,0,94,Yes
1695,5.2,126,9,74,3,Yes,4,4,75,No
817,6.4,136,10,86,3,Yes,2,2,68,No
865,6.55,132,7,47,10,No,2,4,62,Yes
3605,8.49,91,4,73,6,No,6,3,82,No
4869,6.12,104,3,97,9,Yes,5,1,69,Yes
2121,6.9,111,6,93,6,Yes,3,2,74,Yes
3067,6.77,125,9,42,9,Yes,1,1,94,Yes
2084,6.66,99,9,51,2,No,1,4,100,No
2407,8.32,122,8,40,7,Yes,1,5,68,No
1459,9.5,129,10,100,3,No,0,2,75,Yes
1717,5.46,112,3,98,8,Yes,2,5,97,Yes
3968,7.89,85,6,68,3,No,0,1,88,No
3928,6.2,144,10,51,8,Yes,2,5,96,No
1379,9.66,113,7,78,2,Yes,5,3,87,Yes
4322,9.32,111,8,82,10,No,2,3,90,Yes
989,5.9,118,6,48,10,Yes,2,2,68,Yes
4025,6.88,117,3,61,10,Yes,2,5,60,No
2078,7.13,137,5,76,8,Yes,2,3,72,No
269,7.96,138,4,48,6,Yes,3,2,99,Yes
1484,6.66,138,10,98,4,No,2,1,69,Yes
4842,5.14,109,9,90,7,Yes,3,3,78,No
189,7.49,116,4,56,5,No,4,2,68,Yes
285,8.22,142,8,78,8,No,4,0,82,Yes
4546,9.5,113,7,60,8,Yes,5,3,94,Yes
3606,9.64,103,4,41,8,No,3,4,65,Yes
4104,6.27,90,7,93,7,No,3,5,81,No
760,9.66,136,9,56,2,No,2,5,67,No
2062,9.62,116,10,51,7,No,2,4,75,Yes
3949,7.04,119,10,66,4,No,3,5,94,No
4537,9.74,135,4,46,7,Yes,1,0,98,Yes
2158,7.49,145,8,40,6,No,6,1,60,Yes
55,6.61,90,5,49,5,Yes,1,5,73,No
4376,8.61,120,4,78,10,Yes,6,2,91,Yes
2279,7.23,120,3,43,3,No,1,2,96,Yes
2555,6.74,110,9,91,2,Yes,2,1,99,Yes
3125,9.13,134,10,74,8,Yes,1,0,74,Yes
4507,8.48,125,3,78,7,No,4,1,92,Yes
1780,8.8,104,5,96,5,Yes,6,1,78,Yes
1611,8.55,114,10,47,3,Yes,3,1,75,Yes
2012,9.73,82,5,61,6,No,3,5,84,No
376,7.9,91,6,68,5,No,3,5,91,Yes
4040,9.56,107,8,84,9,No,5,0,70,Yes
1583,7.8,143,6,85,9,No,0,0,70,Yes
2245,7.58,82,10,87,2,No,5,2,72,No
1663,6.45,106,10,81,2,Yes,3,1,82,No
4161,9.44,137,6,73,10,No,2,3,88,Yes
3672,8.68,137,10,99,9,Yes,4,1,83,Yes
3168,6.18,141,6,57,7,Yes,6,5,73,No
848,7.87,110,10,72,10,Yes,0,2,63,Yes
3340,8.59,83,4,50,8,No,4,0,78,Yes
846,6.95,101,3,79,7,Yes,5,0,79,Yes
4235,7.12,96,9,66,10,Yes,4,0,73,Yes
484,7.95,86,5,64,2,No,6,1,90,Yes
236,9.19,111,3,65,9,Yes,1,0,68,Yes
3624,9.16,133,4,42,10,Yes,4,3,72,Yes
3705,7.7,80,3,96,7,Yes,6,5,68,Yes
3453,8.41,128,4,44,8,No,0,0,79,Yes
4454,5.63,123,4,80,10,No,1,3,66,Yes
2433,6.38,108,10,59,6,No,0,3,70,No
1125,9.48,86,7,96,2,Yes,2,0,76,Yes
2639,6.84,142,5,64,5,Yes,4,2,84,Yes
1357,9.66,87,10,76,10,Yes,2,5,71,Yes
2224,9.07,106,3,61,5,No,4,0,74,Yes
2484,9.4,135,3,59,3,Yes,4,1,63,Yes
823,8.46,120,8,40,6,No,4,1,85,Yes
557,6.28,135,8,83,3,Yes,3,3,83,No
1283,9.45,138,10,51,9,No,5,4,66,Yes
3723,6.59,99,9,69,4,No,5,1,85,Yes
824,5.98,136,8,96,8,No,2,0,62,Yes
4806,7.33,127,10,90,3,No,1,3,72,No
2851,7.55,131,10,50,2,Yes,1,2,71,Yes
4179,8.35,92,7,60,5,No,6,1,82,Yes
3262,8.28,115,6,91,8,No,5,4,87,Yes
4906,5.88,129,10,80,2,Yes,3,4,71,No
1845,8.54,92,7,59,6,No,4,4,84,No
1252,7.53,144,9,90,9,Yes,2,2,61,Yes
211,7.35,141,8,75,6,Yes,4,5,94,Yes
1532,8.04,121,8,92,9,No,6,2,80,Yes
1616,5.69,89,9,50,8,Yes,2,2,85,No
3776,6.9,91,9,58,4,Yes,2,2,80,No
4252,5.48,124,8,96,7,Yes,5,1,63,Yes
140,6.39,95,3,71,8,Yes,3,4,74,No
4283,5.32,102,10,91,5,Yes,6,2,81,Yes
4065,5.38,117,5,63,2,No,4,3,84,No
2417,5.04,93,5,62,8,Yes,2,3,71,No
2499,6.43,103,7,94,6,Yes,3,2,95,Yes
2326,8.07,126,3,42,8,No,0,4,79,No
3371,9.09,81,3,96,4,Yes,6,3,76,Yes
4604,7.72,97,7,55,5,No,1,3,83,No
1054,9.08,126,10,48,3,Yes,2,2,68,Yes
3655,7.09,123,5,67,2,Yes,2,1,73,Yes
2620,7.05,118,3,44,8,Yes,1,4,80,No
4669,7.62,135,9,67,10,Yes,0,3,69,No
4232,8.68,140,7,46,4,Yes,0,4,60,No
2015,5.29,100,9,88,2,Yes,0,2,73,Yes
4743,6.44,114,4,77,8,No,2,5,96,Yes
594,5.42,116,9,78,7,Yes,4,4,82,Yes
2883,8.29,138,8,59,3,No,5,1,75,Yes
880,6.59,122,7,66,7,Yes,3,0,91,Yes
3636,9.22,132,8,73,5,No,3,5,97,Yes
1033,6.33,97,7,95,2,No,1,1,94,No
345,5.48,110,7,74,2,No,1,4,84,No
842,9.6,104,10,72,2,Yes,4,1,61,Yes
4412,6.76,128,9,45,5,No,0,5,77,No
2474,8.95,87,6,79,8,No,3,0,68,Yes
4148,8.63,104,9,91,2,No,4,2,65,No
3253,7.29,105,6,44,2,Yes,2,4,67,No
1864,5.13,92,5,90,7,Yes,6,5,63,No
4021,8.87,123,6,81,2,Yes,5,0,83,Yes
3394,7.59,138,4,90,4,Yes,1,0,73,Yes
3720,9.79,110,5,42,6,Yes,4,1,88,Yes
4923,8.57,95,6,95,9,No,6,1,70,Yes
3179,5.64,89,8,97,8,Yes,1,0,60,Yes
3789,9.62,130,6,77,3,Yes,1,3,80,No
3448,9.21,104,5,100,5,No,0,2,75,No
4990,7.36,107,5,94,6,Yes,5,2,77,Yes
3208,6.98,135,3,85,10,No,6,1,73,Yes
3099,5.06,108,8,91,9,Yes,3,0,91,No
1810,7.38,131,5,95,2,Yes,0,3,94,No
4039,7.52,140,6,63,10,No,3,1,99,Yes
2910,9.1,120,9,95,5,Yes,3,1,66,Yes
3356,8.54,83,5,40,7,Yes,2,5,78,No
1190,5.13,105,9,83,2,No,0,3,84,No
2235,6.38,117,9,57,10,No,2,4,99,No
4170,7.71,140,6,74,9,Yes,5,5,72,No
1359,8.57,88,5,73,6,Yes,1,1,97,Yes
1490,6.04,100,9,99,10,Yes,3,0,73,Yes
3639,5.54,98,3,85,6,No,0,0,65,No
1565,8.61,143,9,63,8,Yes,2,1,81,Yes
3859,9.05,125,9,91,9,Yes,6,5,81,Yes
3531,5.22,129,7,65,4,Yes,1,2,74,No
2519,5.35,123,6,76,6,Yes,6,3,84,Yes
126,7.35,136,4,97,3,Yes,1,0,68,Yes
365,5.21,136,10,56,5,No,4,0,69,Yes
118,9.57,84,8,53,9,Yes,1,2,66,Yes
4461,8.82,141,3,80,4,No,2,3,78,Yes
630,9.45,126,3,42,9,No,0,4,90,Yes
2576,9.64,112,10,67,6,Yes,0,3,93,Yes
4781,9.13,131,6,53,6,No,6,1,69,Yes
1686,9.14,90,5,93,3,No,4,0,97,No
2013,8.37,101,3,65,7,No,2,2,65,Yes
1989,5.44,131,5,67,6,Yes,1,4,90,No
1519,5.2,125,9,69,9,Yes,6,3,89,Yes
4750,8.69,80,5,65,7,Yes,3,5,79,Yes
1513,9.22,104,4,84,3,Yes,6,2,74,Yes
3178,7.47,96,7,66,5,Yes,6,3,67,Yes
976,7.77,136,10,58,4,Yes,6,5,72,Yes
4481,6.76,90,10,61,5,Yes,5,3,99,Yes
3750,8.11,131,7,67,2,No,3,1,100,Yes
4258,9.43,114,7,77,9,No,5,4,69,Yes
3059,8.53,118,10,40,6,Yes,0,2,85,No
1736,8.3,141,4,68,10,No,0,5,98,No
478,9.36,92,9,48,6,No,1,0,78,Yes
1798,8.24,113,4,52,5,Yes,1,0,68,Yes
1006,9.08,95,7,59,9,Yes,1,0,100,Yes
632,8.56,89,7,79,2,No,4,0,90,Yes
2641,6.43,85,3,53,10,Yes,1,5,81,No
1521,9.18,99,9,63,2,Yes,6,5,71,No
4644,7.94,139,6,92,10,No,0,4,72,Yes
1399,5.14,83,8,41,9,Yes,6,1,86,No
4215,8.16,124,3,93,8,Yes,0,2,94,Yes
2329,7.9,125,5,62,6,No,1,0,85,Yes
4516,5.06,112,5,42,9,No,3,2,67,No
2938,7.73,91,4,80,10,No,1,4,61,Yes
4460,7.89,99,3,98,2,Yes,6,5,85,No
2463,8.14,91,8,40,5,No,6,0,67,Yes
4712,8.16,97,10,69,6,Yes,6,2,74,Yes
2997,5.26,88,8,54,2,Yes,6,2,78,No
2918,7.63,95,5,70,6,No,1,4,100,No
3324,5.52,111,4,80,4,No,5,0,86,No
2621,8.64,144,6,95,3,Yes,3,2,88,Yes
1998,7.05,85,8,54,9,Yes,4,1,72,Yes
4302,6.85,92,5,66,3,No,5,4,83,No
3118,8.73,86,5,53,5,Yes,3,0,85,Yes
1807,8.3,136,6,88,8,No,1,4,75,Yes
1990,7.82,137,3,91,6,No,2,2,68,No
1576,6.84,92,9,84,7,No,5,3,61,Yes
2600,9.19,137,3,82,10,Yes,3,3,97,Yes
3951,5.23,80,5,81,9,No,4,0,99,No
1199,7.18,94,3,71,2,Yes,4,3,79,Yes
2369,6.0,131,10,66,4,Yes,1,1,93,Yes
3597,5.2,136,3,58,9,Yes,0,2,93,No
470,7.84,132,3,55,2,Yes,4,1,68,Yes
4609,9.53,136,6,69,5,Yes,4,3,100,Yes
4921,8.48,94,10,88,7,No,0,2,66,Yes
867,7.74,83,6,84,8,No,1,1,70,Yes
80,6.47,87,4,100,5,No,2,5,65,No
534,5.19,136,7,74,9,Yes,1,4,82,No
1110,7.31,91,8,85,10,No,3,5,91,Yes
2339,8.75,93,9,96,4,No,2,5,99,Yes
4362,5.73,98,5,78,5,No,2,1,94,Yes
165,7.25,80,4,41,6,Yes,1,4,98,No
4015,8.28,124,5,85,9,Yes,2,1,62,Yes
4947,8.12,116,4,48,3,No,3,1,63,Yes
876,6.17,85,3,48,6,No,4,5,82,No
186,8.44,141,9,89,8,No,0,1,80,No
2166,5.13,123,4,52,5,No,1,5,94,No
2470,9.33,113,7,57,5,Yes,4,3,100,Yes
1476,6.78,98,10,78,2,No,4,1,73,Yes
136,6.64,127,7,86,7,No,4,4,65,Yes
2420,8.33,85,5,66,8,Yes,6,2,63,Yes
3937,7.75,143,5,77,10,No,1,3,83,Yes
4455,8.73,123,3,66,4,Yes,4,2,62,No
3656,8.12,96,9,64,5,Yes,4,1,75,Yes
2892,5.53,90,7,91,6,Yes,2,3,98,No
2098,5.03,120,6,94,10,No,6,0,95,Yes
4692,7.93,87,10,50,4,No,3,3,99,No
3870,8.29,137,6,63,6,No,6,2,68,Yes
2575,6.33,143,9,60,7,No,2,3,82,No
2501,6.51,88,3,84,9,Yes,0,4,64,No
4597,7.76,89,9,50,7,Yes,6,2,82,Yes
2731,6.62,138,7,94,2,Yes,6,3,96,Yes
1229,7.11,145,7,100,3,Yes,3,2,63,Yes
648,6.33,134,8,56,4,No,2,0,84,No
4642,5.26,126,6,95,8,No,1,1,63,Yes
3106,6.45,115,3,77,6,No,3,5,73,No
2296,6.97,115,9,51,4,No,0,1,64,Yes
3039,6.28,131,5,71,4,Yes,2,5,73,No
4914,5.05,143,3,90,7,Yes,6,2,80,Yes
692,8.35,143,5,95,5,No,5,0,78,No
1464,5.9,91,7,97,10,Yes,2,5,63,No
4853,9.34,83,5,91,8,No,2,3,66,No
2029,6.06,122,4,44,2,No,0,4,62,No
4313,8.59,139,3,96,8,Yes,3,5,76,Yes
1277,6.85,140,8,59,10,Yes,0,4,73,Yes
544,7.2,134,4,50,4,No,4,2,70,No
2759,6.52,124,6,91,5,No,6,2,85,Yes
4067,9.02,97,7,65,2,No,1,3,70,No
2487,9.7,139,9,49,3,No,2,5,74,Yes
4732,7.01,125,4,60,7,Yes,2,3,94,Yes
1986,9.69,80,8,99,4,No,6,3,83,Yes
2909,6.71,92,4,100,2,Yes,3,1,100,Yes
2999,6.45,120,8,69,8,No,5,3,75,Yes
2375,5.13,113,5,94,4,No,6,3,68,No
227,8.98,144,6,76,10,Yes,2,4,88,Yes
4778,6.75,132,4,68,7,No,4,3,71,Yes
554,8.61,144,4,54,8,Yes,3,1,68,Yes
4158,5.66,102,9,93,8,Yes,2,3,92,No
2933,5.04,116,4,59,9,Yes,4,4,99,Yes
1733,6.06,91,5,79,9,Yes,5,5,94,No
2060,5.19,143,4,87,8,Yes,1,5,79,Yes
2021,9.75,123,5,74,7,Yes,6,1,83,Yes
4004,5.46,126,5,41,2,No,1,4,66,No
3869,5.82,83,8,41,9,Yes,6,3,92,No
4655,7.25,91,10,75,10,No,6,2,60,Yes
1840,8.39,145,8,87,6,No,2,5,97,Yes
4766,6.57,137,4,57,2,No,4,1,78,Yes
2108,6.87,83,10,61,10,No,3,5,94,No
3942,5.1,90,4,98,3,No,4,2,61,No
3934,8.13,142,10,88,8,No,6,3,87,Yes
662,5.47,101,4,92,3,Yes,4,4,74,No
1636,6.7,145,10,42,9,Yes,2,1,79,Yes
349,5.85,121,3,41,4,No,1,0,93,No
298,8.98,130,10,49,6,No,3,3,64,Yes
2584,6.31,99,7,47,5,Yes,4,2,93,No
3619,5.57,103,6,69,4,Yes,1,5,71,No
4301,5.91,96,5,94,5,Yes,1,2,95,Yes
3678,8.75,99,10,49,9,Yes,1,0,78,Yes
2403,6.9,89,6,46,9,Yes,5,3,68,Yes
4958,8.64,115,9,69,4,Yes,2,5,63,No
1034,8.11,127,8,45,10,Yes,1,3,99,Yes
3703,7.38,111,3,99,6,No,2,4,84,Yes
3818,8.78,139,3,85,5,No,6,5,71,No
1234,9.33,104,3,71,2,Yes,2,4,87,Yes
4742,9.12,83,10,60,9,No,5,0,79,Yes
3801,9.3,143,10,95,4,Yes,3,5,81,Yes
1586,5.42,125,10,65,10,No,1,0,61,No
1947,9.37,144,7,74,10,No,0,0,94,Yes
1592,5.61,145,5,95,3,No,0,4,70,No
4218,9.32,89,8,90,4,Yes,4,5,82,No
657,9.25,136,6,48,2,Yes,5,4,75,No
2200,5.8,145,9,96,2,Yes,1,0,62,No
4820,9.11,94,9,62,4,No,1,3,65,Yes
3185,7.57,125,4,73,7,No,4,0,82,Yes
1897,9.27,135,5,45,7,No,4,1,68,Yes
3559,5.06,122,3,66,4,No,3,2,81,No
4227,8.17,122,3,93,7,Yes,1,1,89,Yes
1723,5.94,106,6,48,6,No,5,3,74,No
134,7.67,114,3,51,6,No,2,2,82,No
4097,5.99,86,5,52,5,Yes,0,1,83,No
4348,5.98,131,6,46,8,Yes,3,2,85,No
1888,9.79,127,7,67,4,No,2,3,66,No
4565,5.44,114,7,73,6,Yes,0,4,79,No
578,7.92,128,8,65,10,No,5,0,93,Yes
3144,8.03,127,8,91,3,Yes,6,1,98,Yes
239,6.53,133,9,49,6,Yes,6,4,90,No
2371,6.12,87,8,89,7,No,2,0,82,Yes
4538,5.99,94,6,56,2,Yes,3,4,64,No
957,9.26,97,3,78,3,No,2,5,75,No
1954,9.53,112,7,81,7,Yes,3,2,69,Yes
3290,5.78,122,8,50,5,No,1,5,95,No
1879,6.76,124,9,93,3,No,5,5,60,Yes
730,9.29,140,8,51,2,No,3,5,66,No
4575,7.16,139,3,48,7,No,5,0,65,No
1010,5.03,112,6,70,8,Yes,2,3,71,No
550,8.89,91,9,76,5,No,5,2,90,Yes
1360,7.29,92,3,60,3,Yes,0,3,65,No
3109,9.58,140,9,59,9,Yes,5,5,82,Yes
4207,7.18,128,5,50,7,Yes,6,0,100,Yes
160,9.55,136,10,89,6,No,4,4,86,Yes
2937,6.83,134,5,89,4,No,1,1,94,No
610,6.68,120,7,49,6,No,1,0,79,Yes
292,7.75,114,8,74,2,No,3,4,73,Yes
2975,8.53,119,8,92,8,Yes,4,5,98,No
746,5.99,143,8,50,6,Yes,3,1,91,Yes
776,8.11,90,3,70,4,No,5,3,73,Yes
2747,6.65,140,9,44,4,Yes,4,1,95,No
4998,8.7,80,7,60,5,Yes,1,0,76,Yes
1458,5.52,103,5,97,3,No,4,1,99,Yes
3236,9.73,123,8,100,4,Yes,0,3,61,Yes
264,9.53,136,8,88,6,Yes,0,1,87,Yes
1256,8.57,118,7,69,5,Yes,5,4,90,Yes
4399,5.16,138,3,62,3,No,6,0,86,Yes
1772,8.09,98,6,73,6,Yes,0,0,75,Yes
4085,6.54,120,6,93,10,Yes,5,1,98,Yes
2976,7.84,131,8,45,3,No,5,2,92,No
1200,5.41,115,9,71,2,No,3,3,62,No
4658,7.79,107,6,91,4,No,5,4,69,Yes
4246,6.33,107,3,70,4,No,5,4,92,No
4168,7.15,133,10,64,8,Yes,5,3,70,Yes
90,5.26,126,10,80,9,No,1,2,95,No
4214,8.08,81,10,88,4,No,2,0,70,Yes
1512,5.89,116,3,68,4,No,0,1,72,No
2370,7.42,140,3,66,2,No,4,4,85,No
4717,7.78,111,4,64,6,Yes,1,4,68,No
460,5.36,82,3,92,8,No,1,0,95,No
2218,6.3,111,8,75,7,No,2,4,80,No
4325,6.39,136,10,73,3,No,6,4,93,Yes
3646,5.9,139,7,63,10,No,5,0,73,Yes
4338,8.26,143,10,53,6,No,6,1,84,Yes
1938,8.13,118,5,59,10,No,2,1,63,Yes
3028,5.76,144,10,57,10,No,2,0,64,Yes
4095,6.43,87,6,56,10,Yes,2,5,76,No
2319,8.48,119,5,97,4,No,3,1,100,Yes
3184,5.18,130,4,64,5,No,0,3,92,No
3589,9.43,125,5,77,8,No,2,5,89,Yes
497,5.51,90,10,79,2,No,4,0,90,No
221,9.11,131,9,72,7,Yes,5,0,71,Yes
4501,6.8,94,6,40,6,Yes,5,2,100,Yes
2926,5.31,106,6,79,9,Yes,3,3,61,No
921,6.48,86,3,43,8,No,1,2,75,No
4651,8.03,86,4,97,10,No,2,3,81,Yes
985,7.15,120,4,42,4,No,5,1,65,Yes
4670,8.54,139,8,70,10,No,3,1,86,Yes
1916,5.21,125,6,85,3,Yes,6,0,97,Yes
313,9.27,81,8,99,7,Yes,6,4,86,Yes
3214,7.9,111,9,40,8,Yes,2,3,65,No
2442,6.43,91,8,92,10,No,4,0,63,Yes
3455,6.64,114,9,62,6,Yes,3,4,75,No
3829,6.49,143,7,53,5,Yes,1,0,62,Yes
678,6.06,117,5,90,4,No,4,1,65,No
166,5.53,116,6,59,3,Yes,3,5,99,No
4425,6.85,99,8,68,5,Yes,6,2,74,Yes
2134,6.0,93,3,59,5,No,5,4,86,No
2132,7.6,127,3,96,5,Yes,1,1,86,No
2255,9.11,133,9,66,2,Yes,1,2,71,Yes
4200,9.53,102,6,41,4,No,4,3,71,Yes
3267,5.86,130,9,86,2,Yes,1,2,92,No
735,5.25,88,10,83,2,No,3,4,80,No
3738,7.9,143,6,84,5,Yes,5,0,63,Yes
695,8.34,136,10,59,4,No,2,1,76,Yes
3238,8.83,103,9,80,8,No,1,5,84,Yes
3916,6.0,123,10,47,4,Yes,3,1,64,No
4057,5.94,89,3,86,10,Yes,2,3,79,Yes
1349,5.12,127,8,85,6,Yes,5,1,96,Yes
4443,7.09,122,4,77,6,No,4,3,100,Yes
4000,8.82,126,4,73,8,No,2,3,65,No
2259,5.64,145,4,56,6,No,3,0,93,Yes
2616,9.49,121,3,52,8,No,3,0,80,Yes
515,6.36,96,5,73,4,Yes,5,2,80,Yes
2863,9.06,133,10,52,5,Yes,3,0,68,Yes
3950,7.07,126,4,71,9,Yes,3,4,98,Yes
3431,8.96,93,3,72,4,Yes,1,1,80,Yes
4595,7.54,118,9,55,9,No,1,2,100,Yes
1012,8.4,94,6,58,2,Yes,3,5,81,Yes
891,7.32,143,10,57,8,No,6,4,62,Yes
2792,6.84,108,7,60,3,No,6,5,63,No
4950,6.92,134,9,78,2,Yes,0,4,70,Yes
3461,6.56,137,3,90,5,Yes,6,5,98,No
3966,5.24,100,10,79,10,No,5,2,92,Yes
195,6.53,139,4,57,9,Yes,0,0,78,Yes
514,8.7,90,4,56,4,Yes,3,2,74,No
1639,7.48,95,10,88,9,Yes,4,0,95,Yes
1456,6.66,99,8,76,4,No,5,1,92,No
4306,5.07,129,8,64,5,Yes,5,4,86,Yes
4045,9.3,129,5,43,3,Yes,1,1,77,Yes
636,6.35,112,3,87,3,No,4,5,69,No
4667,6.01,108,6,46,8,Yes,1,2,61,No
88,8.22,100,8,66,9,Yes,3,4,62,Yes
1370,6.94,132,8,81,4,No,6,2,61,Yes
4567,5.09,141,6,70,8,No,5,3,86,Yes
191,9.43,85,3,45,2,No,6,4,76,No
3825,6.17,133,7,75,7,No,5,0,62,Yes
179,9.56,84,5,83,9,No,2,3,64,Yes
3925,9.34,110,10,67,4,No,2,3,91,Yes
3841,7.88,110,5,68,3,No,2,2,61,Yes
2589,7.93,82,10,52,6,Yes,1,0,96,Yes
3465,7.77,95,7,91,4,No,2,2,78,Yes
1688,8.95,117,3,94,3,Yes,2,5,68,Yes
3322,8.34,85,5,42,2,Yes,3,2,64,No
1129,9.01,111,6,84,3,Yes,3,0,73,Yes
3068,6.3,90,6,54,7,No,6,1,99,No
3146,9.62,103,7,75,9,No,4,3,70,Yes
2560,8.82,132,4,58,9,Yes,4,3,97,No
1024,5.63,126,8,87,10,No,1,5,77,No
4568,9.1,140,6,68,10,Yes,1,2,69,Yes
399,6.62,97,8,97,9,Yes,1,1,85,No
36,8.06,113,5,87,9,No,3,4,60,No
2254,6.18,85,5,93,10,No,3,3,71,No
2657,9.09,115,3,42,7,Yes,4,1,71,Yes
253,8.35,135,5,46,3,No,1,1,99,Yes
2941,6.24,140,8,46,10,Yes,4,2,62,Yes
1876,6.0,81,5,69,6,No,0,1,78,No
229,7.19,87,10,83,6,No,3,2,60,Yes
3052,9.77,86,4,47,7,No,3,3,74,Yes
1749,6.49,112,4,69,2,No,2,5,84,No
1645,6.79,140,7,76,10,No,6,5,81,Yes
4156,7.87,123,7,67,10,No,3,5,75,No
1610,6.52,108,5,91,8,Yes,4,0,70,Yes
2367,5.71,137,5,75,10,No,0,3,86,No
1020,8.36,109,6,61,8,No,4,3,63,Yes
4892,9.52,87,5,90,4,No,5,4,66,No
2083,6.04,130,4,71,4,No,1,0,72,No
3995,8.91,142,6,80,6,No,3,4,98,Yes
1787,6.95,89,6,40,10,No,3,0,69,Yes
2124,9.24,114,4,55,4,Yes,0,4,88,No
2222,8.67,107,8,89,4,Yes,6,4,78,Yes
4883,7.17,97,5,77,5,No,0,2,81,No
1076,7.43,113,3,79,2,No,1,5,95,No
2950,5.39,107,7,90,9,Yes,3,3,82,Yes
3861,5.55,83,5,41,8,Yes,0,1,85,No
4851,6.28,84,4,64,5,No,3,4,62,No
3904,8.61,118,8,42,6,No,3,1,75,Yes
1850,5.04,91,6,66,6,No,1,5,95,No
4938,9.47,128,3,55,9,No,4,0,74,Yes
2796,7.41,97,8,48,9,No,3,1,60,Yes
4894,8.73,85,10,50,6,No,3,0,65,Yes
4605,9.43,117,9,54,7,Yes,0,4,73,Yes
608,8.64,106,8,52,5,Yes,4,2,88,Yes
4484,9.59,91,4,56,4,No,0,1,78,Yes
868,5.3,92,3,70,8,No,4,5,81,No
2800,8.71,131,10,66,6,Yes,4,5,84,Yes
4245,5.25,82,7,91,3,No,3,2,87,No
3555,8.66,86,7,62,2,Yes,0,0,69,Yes
1274,8.71,115,10,53,4,Yes,1,1,65,Yes
4437,5.69,135,5,93,3,Yes,2,0,83,No
1116,5.35,127,8,49,7,Yes,2,5,60,No
541,5.29,133,8,90,2,No,2,4,62,No
2740,7.77,111,6,63,5,No,3,0,98,No
3657,9.63,125,7,40,5,Yes,4,5,97,No
1467,8.42,89,6,71,5,No,4,0,62,Yes
2658,5.23,128,5,81,2,Yes,5,5,99,No
281,6.44,94,3,94,7,No,5,1,75,Yes
2459,6.63,136,6,40,7,Yes,4,4,70,Yes
511,7.91,130,7,96,9,No,2,5,97,Yes
4066,8.91,137,7,50,2,No,5,0,78,Yes
4986,7.02,97,3,74,5,Yes,5,1,60,No
2606,9.49,83,8,87,3,No,6,4,66,No
3767,6.53,124,6,72,3,Yes,2,3,82,No
1515,8.14,112,7,88,4,Yes,0,3,82,No
688,8.61,106,6,60,7,No,4,5,87,No
336,6.25,102,3,100,8,No,4,5,95,No
2363,5.29,144,10,47,7,Yes,2,5,90,No
2028,7.21,112,5,77,2,No,5,4,69,No
783,5.79,139,9,47,9,Yes,2,5,95,No
4702,8.53,142,7,95,4,No,0,5,80,No
4941,6.89,137,10,84,6,No,6,3,75,Yes
3579,9.14,100,9,62,9,No,4,3,73,Yes
1158,8.29,125,10,62,8,No,3,3,61,No
835,5.53,127,7,42,10,Yes,2,2,83,No
2044,6.34,107,5,99,10,No,0,3,83,Yes
4491,5.31,88,8,58,4,No,5,0,88,Yes
2624,6.09,102,7,45,8,No,5,2,64,No
4033,7.6,95,3,98,3,Yes,6,2,81,Yes
2622,5.77,98,10,54,3,No,4,5,73,No
3351,5.41,90,7,75,2,No,0,5,67,No
2784,7.53,106,10,84,3,Yes,0,2,93,Yes
950,8.52,101,5,63,4,No,1,3,71,No
1762,9.23,107,9,63,7,Yes,0,0,79,Yes
4079,8.95,133,8,89,7,No,1,3,76,No
2328,8.49,128,5,100,3,Yes,2,5,87,Yes
3712,7.4,140,9,66,5,Yes,3,5,97,No
338,6.79,90,7,98,3,Yes,0,1,88,Yes
3771,6.31,114,7,91,3,Yes,5,0,61,Yes
2057,6.65,118,9,50,9,Yes,6,1,84,Yes
4954,5.1,114,7,90,7,Yes,3,0,86,Yes
294,5.56,110,6,91,7,No,4,5,87,No
2206,6.94,125,6,41,7,Yes,0,4,76,No
3414,7.07,127,10,84,6,Yes,3,2,96,Yes
3194,8.0,136,6,77,4,Yes,0,1,82,Yes
2594,7.99,115,5,69,8,No,2,4,73,No
2073,5.27,132,6,82,9,Yes,5,0,61,Yes
471,5.19,98,3,50,6,No,4,3,98,No
558,6.54,83,7,50,7,No,6,3,99,No
1263,9.61,110,8,69,9,No,6,5,65,Yes
4925,5.95,121,8,93,9,No,4,0,62,Yes
3237,8.49,126,6,98,2,No,6,0,79,Yes
1023,9.55,126,8,59,3,Yes,0,5,95,Yes
121,8.67,106,6,92,5,Yes,1,4,60,No
906,7.9,83,5,52,3,No,3,2,73,No
3769,9.1,137,8,66,4,No,2,1,72,Yes
1307,9.38,128,10,85,5,No,0,3,68,Yes
3819,8.96,94,5,73,3,Yes,6,4,99,Yes
2559,6.18,131,6,91,10,No,2,5,85,Yes
1936,7.58,130,6,66,7,Yes,5,5,68,No
3882,5.83,104,4,71,6,No,6,5,69,No
3893,7.29,94,3,62,4,Yes,4,4,72,No
1094,8.21,133,6,54,9,No,0,1,90,No
3856,9.1,95,4,99,5,Yes,4,3,78,Yes
4037,6.21,124,6,59,9,No,1,3,89,No
816,8.75,93,3,72,3,Yes,0,1,83,No
4960,9.71,123,7,92,4,Yes,5,3,68,Yes
1083,7.52,113,5,93,2,Yes,3,2,79,No
1209,8.78,113,10,48,5,No,1,4,63,No
1290,7.84,82,5,90,2,Yes,2,3,65,Yes
4192,8.82,99,5,86,6,Yes,6,5,71,Yes
2429,6.87,115,7,47,5,No,3,3,84,No
605,7.13,83,10,97,10,Yes,2,3,93,No
2115,6.95,125,8,84,5,No,0,4,84,Yes
551,8.96,92,7,42,8,Yes,0,2,82,Yes
2300,5.57,80,3,77,3,Yes,6,5,100,No
476,7.55,95,4,70,4,No,4,0,87,Yes
213,8.15,141,6,52,10,Yes,4,5,77,Yes
3513,7.06,98,8,86,3,No,0,1,93,No
4809,8.95,145,9,88,2,No,0,0,89,Yes
2025,8.27,107,6,76,6,Yes,5,2,74,Yes
2481,5.8,132,5,40,8,Yes,0,3,96,No
277,8.25,131,8,90,8,Yes,0,2,74,Yes
4602,9.16,128,8,51,6,Yes,2,3,74,Yes
4746,6.59,136,3,60,3,No,1,2,65,No
2340,9.75,144,7,46,6,No,5,3,93,Yes
902,9.0,123,6,66,8,No,3,5,94,Yes
4545,9.68,121,3,98,10,Yes,4,3,94,Yes
1410,6.26,126,9,81,2,No,1,0,74,Yes
990,7.03,112,7,64,4,Yes,0,2,87,No
304,9.48,115,4,81,7,Yes,2,5,70,No
3560,7.85,108,8,76,2,No,1,4,77,No
4492,9.6,117,4,47,8,No,1,2,71,Yes
1997,7.76,80,5,94,9,No,0,5,65,No
2116,7.71,103,10,68,3,Yes,5,4,82,No
1902,7.41,118,10,99,8,No,4,3,100,Yes
325,8.86,85,9,44,9,No,6,2,80,Yes
3333,8.26,102,3,43,5,No,1,2,79,No
1155,9.64,92,7,98,6,No,1,4,87,Yes
3473,5.43,116,5,80,5,Yes,2,1,94,No
1474,5.57,105,4,75,9,Yes,4,0,90,Yes
3012,9.58,131,8,42,2,Yes,0,5,92,Yes
4915,7.51,116,4,43,8,Yes,0,5,87,Yes
151,9.02,90,5,42,5,No,3,4,93,No
1122,8.62,131,4,75,7,No,0,3,79,Yes
4557,8.27,127,3,75,3,Yes,2,4,61,No
4075,7.25,130,3,98,9,Yes,0,1,65,No
1131,6.5,119,10,81,4,No,0,1,74,Yes
3955,6.04,110,6,83,7,Yes,1,2,72,Yes
2798,6.42,117,10,53,2,Yes,5,3,88,Yes
2804,6.74,116,10,82,5,Yes,6,0,81,Yes
1049,7.4,127,7,91,3,No,6,1,69,Yes
812,7.36,133,10,59,5,Yes,0,0,82,Yes
2710,8.46,95,8,95,4,Yes,1,4,69,No
3911,6.13,137,8,53,9,No,0,1,77,Yes
1558,7.78,114,7,41,9,Yes,5,1,73,Yes
1064,5.78,93,4,53,2,No,2,1,95,No
3155,6.11,90,7,99,2,No,5,2,69,No
2304,8.92,145,7,83,5,Yes,0,0,75,Yes
2983,5.42,129,9,42,6,No,3,1,73,No
4895,8.84,100,6,43,8,No,0,0,96,Yes
893,6.8,90,5,88,3,Yes,4,2,74,Yes
2922,5.47,106,7,60,5,Yes,3,1,63,Yes
1101,8.7,99,3,79,10,No,0,4,84,No
2437,9.2,120,10,87,6,Yes,3,5,77,Yes
2985,8.97,80,6,60,6,Yes,0,5,70,Yes
1316,5.86,134,9,95,3,Yes,2,5,97,No
1649,6.98,131,9,76,7,Yes,1,1,99,Yes
3104,6.56,138,6,93,3,No,3,1,62,No
4969,5.07,123,6,77,2,No,1,2,100,No
4343,9.49,117,6,63,8,Yes,5,1,63,Yes
4242,5.18,85,9,69,10,Yes,2,2,84,Yes
796,7.46,145,9,66,3,No,5,4,76,No
590,8.2,118,8,98,3,Yes,3,1,70,Yes
74,6.11,104,8,47,10,No,5,1,72,Yes
461,9.29,140,5,63,8,Yes,6,4,78,Yes
487,9.47,116,6,42,10,No,1,4,70,Yes
4543,5.12,108,9,91,9,No,0,1,61,Yes
2139,5.64,99,6,40,4,Yes,2,3,96,Yes
1230,9.31,145,9,58,7,Yes,6,1,69,Yes
493,9.3,83,10,47,6,Yes,5,1,74,Yes
4267,8.65,102,10,50,2,No,1,4,95,No
3694,8.67,143,9,66,5,Yes,6,5,80,Yes
4997,7.8,107,10,73,6,No,6,3,80,Yes
2105,9.16,143,4,48,3,Yes,0,1,96,Yes
1266,9.2,133,9,40,6,Yes,2,5,77,No
3419,5.44,127,10,58,6,Yes,0,1,62,Yes
98,8.8,99,10,42,4,No,4,2,66,Yes
3274,7.77,101,7,80,10,Yes,3,1,70,Yes
4913,6.75,120,10,59,10,Yes,5,1,95,Yes
2528,9.64,124,10,99,6,No,2,2,100,Yes
1773,7.66,137,6,61,6,Yes,6,5,95,Yes
1468,5.99,94,7,40,5,No,6,2,71,No
1750,9.54,127,7,95,2,Yes,6,1,83,Yes
1479,8.16,136,3,95,9,Yes,1,4,93,Yes
1891,7.48,81,4,91,7,Yes,1,4,61,Yes
4195,7.59,110,4,56,2,Yes,1,2,85,No
3141,5.13,96,8,44,4,Yes,6,4,69,No
2345,7.82,129,7,70,9,No,4,1,91,Yes
4444,8.61,99,7,57,5,No,1,3,91,No
2951,8.49,80,8,44,10,No,3,0,66,Yes
602,6.35,83,8,64,10,No,4,4,84,No
3943,6.21,121,8,73,9,Yes,1,5,78,No
3222,9.54,99,10,60,9,No,6,0,89,Yes
396,9.63,129,3,42,10,Yes,2,0,80,No
427,8.66,115,9,61,6,No,1,1,86,Yes
22,6.17,140,9,52,3,Yes,3,2,87,No
1039,5.1,100,5,92,8,No,1,0,69,No
2301,6.13,143,6,99,9,No,4,5,94,Yes
845,5.55,92,5,58,4,Yes,6,0,69,No
3358,7.26,140,7,81,9,No,5,5,81,Yes
2894,7.11,94,9,88,4,No,1,4,82,No
2603,7.37,87,7,63,10,No,6,5,100,No
3418,7.4,89,9,81,7,Yes,0,4,100,Yes
4347,6.99,89,5,83,8,Yes,4,5,100,Yes
1670,9.78,138,3,58,7,Yes,4,5,64,Yes
3485,6.97,131,5,46,2,No,1,5,90,No
3503,6.76,90,5,63,9,No,5,0,77,Yes
4833,5.09,81,3,90,10,Yes,3,1,84,Yes
1315,8.87,137,8,89,9,No,6,4,83,Yes
1847,5.72,80,5,63,10,No,5,1,83,No
3089,5.18,109,3,64,6,No,4,0,96,Yes
244,8.62,111,6,65,5,No,6,2,84,Yes
4163,8.05,84,7,46,5,Yes,4,2,96,Yes
4755,9.31,108,3,60,5,No,6,2,70,Yes
934,9.18,88,6,43,4,No,1,0,71,Yes
2408,8.07,118,6,82,2,No,3,3,97,No
2144,6.04,96,3,48,10,Yes,0,4,61,No
1529,9.63,109,6,92,5,No,3,0,80,Yes
1497,8.19,98,10,46,2,Yes,3,3,84,Yes
2570,6.23,127,9,59,9,No,4,4,94,Yes
1555,6.03,104,9,87,7,Yes,3,5,61,No
3023,9.19,100,5,85,10,No,6,0,93,No
4458,6.03,91,9,75,4,Yes,0,3,74,No
4581,7.39,114,5,87,8,No,0,1,86,Yes
3224,7.9,109,6,78,3,No,3,5,99,No
3400,8.68,87,7,61,5,Yes,2,5,97,No
3329,6.04,97,10,66,5,No,4,0,76,Yes
2360,5.47,126,7,49,8,No,5,0,98,Yes
1809,8.37,134,9,83,3,No,5,0,85,Yes
2891,9.18,83,8,46,4,Yes,0,4,83,No
2462,8.25,123,3,46,8,No,2,4,69,Yes
2507,8.78,99,5,45,10,Yes,1,4,84,Yes
1186,9.73,83,3,61,8,Yes,2,0,68,Yes
2388,8.13,118,9,43,4,No,5,3,88,Yes
4383,5.9,85,3,98,2,Yes,0,2,78,No
3321,5.36,134,8,96,2,No,5,2,80,No
2554,7.43,84,9,65,6,No,0,3,60,No
4236,5.47,105,9,70,10,Yes,2,1,76,Yes
3926,9.0,121,7,63,10,Yes,0,4,69,Yes
1761,8.06,143,7,86,6,No,4,0,86,Yes
3280,8.69,96,5,67,4,Yes,0,0,73,Yes
1966,9.77,120,10,77,4,No,0,2,88,Yes
2949,5.51,82,9,77,2,Yes,2,4,88,No
3143,9.08,141,8,72,4,No,0,2,94,Yes
445,9.55,101,3,80,3,Yes,5,1,87,Yes
2088,6.68,84,10,65,3,No,4,3,62,No
1265,9.17,94,3,96,8,No,5,4,91,Yes
2754,8.35,111,4,53,4,Yes,2,4,100,No
2566,8.36,103,10,67,4,Yes,1,4,93,Yes
4451,7.61,92,8,71,5,Yes,0,2,97,Yes
3930,7.7,83,3,69,3,Yes,1,5,60,No
1077,9.09,117,9,50,8,No,1,3,89,No
2888,9.04,110,4,81,9,No,5,3,98,Yes
3271,6.04,130,10,40,5,No,3,1,82,No
1228,9.5,90,5,97,2,No,2,5,89,No
1152,6.04,95,3,71,6,Yes,2,5,60,No
3728,9.18,133,8,70,2,No,4,2,72,Yes
4031,9.51,136,9,98,10,No,1,5,65,Yes
3935,9.13,141,9,42,10,Yes,0,4,81,Yes
418,7.75,91,10,68,7,Yes,3,5,61,No
1243,8.02,125,10,58,3,Yes,6,2,86,Yes
1867,6.72,110,9,99,2,No,6,0,72,No
4254,5.1,95,9,88,6,Yes,5,0,77,Yes
3167,7.68,108,8,69,5,Yes,6,4,66,Yes
3664,5.7,104,5,67,6,No,4,2,66,No
3716,5.1,96,10,41,4,Yes,4,3,66,Yes
1279,7.68,135,8,51,2,No,6,3,82,Yes
2638,6.46,130,8,67,6,Yes,6,3,63,No
4857,7.47,95,3,49,10,Yes,2,0,76,Yes
3111,6.29,83,6,77,2,No,2,5,84,No
4339,8.69,141,8,43,5,No,0,2,97,Yes
885,5.66,94,8,99,5,Yes,1,2,83,Yes
621,9.26,80,5,82,4,No,2,3,99,No
2552,9.0,116,6,53,4,Yes,6,3,100,Yes
2971,6.0,87,3,81,2,No,2,5,62,No
2208,7.55,100,9,96,2,Yes,5,1,87,Yes
3467,8.35,125,9,48,9,Yes,4,0,60,Yes
538,8.08,94,4,73,3,Yes,1,1,62,No
3768,7.82,138,5,43,6,No,5,1,84,Yes
2289,6.83,96,4,46,3,Yes,4,4,65,No
14,8.69,123,4,58,8,Yes,0,5,76,No
1682,8.91,104,10,99,7,Yes,6,3,87,Yes
741,7.84,128,8,89,6,Yes,0,4,62,No
2977,9.62,115,9,67,3,Yes,2,3,88,Yes
3387,7.19,125,9,52,3,No,0,1,100,No
1386,6.57,138,6,89,7,No,5,4,69,No
2844,6.83,143,6,63,6,Yes,2,1,76,Yes
2404,9.1,115,10,60,4,No,4,5,85,No
335,9.11,98,4,85,5,No,3,4,63,Yes
2737,7.83,131,9,78,5,No,6,0,85,Yes
4281,7.07,84,9,81,4,Yes,2,0,83,No
3496,6.3,131,10,63,3,Yes,5,4,72,Yes
2990,8.87,87,7,85,3,No,4,3,81,Yes
3398,5.03,103,6,92,5,Yes,5,2,100,Yes
3050,6.97,102,5,86,2,No,2,4,63,No
2236,7.8,136,5,75,7,No,3,2,100,Yes
942,9.74,89,9,96,2,No,0,3,96,No
4381,6.32,138,10,63,8,No,0,4,65,Yes
2948,8.2,135,9,68,10,No,2,3,61,Yes
1185,7.76,144,7,65,2,No,0,4,90,Yes
4262,8.43,87,9,84,9,No,4,2,72,Yes
2278,6.13,133,5,44,7,Yes,4,4,61,No
3932,8.97,114,4,86,9,No,3,3,60,Yes
1852,9.32,141,10,60,6,No,2,4,100,Yes
4138,7.79,123,3,92,5,Yes,3,4,89,Yes
2797,5.3,136,4,49,3,Yes,1,5,77,No
4876,6.35,121,8,90,8,No,3,1,64,Yes
1887,7.71,137,8,67,6,No,2,3,97,Yes
3660,5.96,97,3,88,8,No,1,0,79,Yes
3616,5.36,81,4,40,10,No,0,3,76,No
3520,8.5,116,10,57,5,No,0,3,85,No
2398,5.63,83,8,76,10,No,1,0,68,Yes
2094,7.92,112,5,62,10,No,6,5,96,No
2157,8.92,105,7,58,6,Yes,6,0,79,Yes
3690,7.49,88,6,73,6,Yes,3,4,66,Yes
30,7.8,120,7,53,7,Yes,3,1,79,Yes
4278,5.14,81,8,82,7,No,0,2,70,No
2670,8.59,99,7,52,8,No,4,1,79,Yes
3492,6.68,85,6,59,7,No,6,1,63,No
4731,9.16,108,8,68,4,No,3,1,98,Yes
4201,8.8,117,9,69,5,Yes,0,3,72,Yes
4157,5.24,125,9,74,3,Yes,1,2,73,Yes
1108,7.5,112,4,52,2,No,4,4,69,No
491,6.95,93,4,72,6,Yes,0,4,76,No
316,5.4,90,6,91,4,No,3,4,100,No
1475,5.53,84,9,51,3,No,6,0,75,No
382,7.46,81,10,98,4,No,4,0,74,Yes
4519,8.55,142,10,78,5,Yes,5,1,91,Yes
4963,7.41,120,3,63,10,No,1,5,76,No
3812,5.34,81,8,98,7,Yes,6,2,95,Yes
3596,9.57,106,6,47,4,Yes,1,4,80,No
446,5.99,135,4,87,4,Yes,5,2,62,No
4760,6.98,84,9,83,2,No,2,4,86,No
2828,8.5,130,5,69,8,Yes,1,1,87,Yes
4073,9.68,123,9,87,2,No,4,2,95,Yes
627,8.11,98,10,82,8,No,1,0,68,Yes
1113,8.59,120,4,78,8,Yes,4,2,83,Yes
1485,8.51,129,7,96,4,Yes,0,3,79,No
4365,7.18,99,6,46,2,No,0,4,82,No
2978,5.45,132,10,82,2,Yes,3,5,97,No
3196,6.16,105,4,64,9,No,3,0,97,Yes
3806,9.45,104,9,81,5,No,5,1,89,Yes
12,5.23,94,5,80,4,No,3,4,64,No
4211,6.33,83,9,64,9,No,2,2,90,Yes
844,9.48,123,9,51,8,Yes,4,2,84,Yes
1453,8.11,90,8,68,3,No,0,4,63,Yes
1974,6.39,120,6,81,3,No,6,0,90,Yes
1789,6.15,119,7,80,2,No,6,1,90,Yes
2401,7.21,127,7,50,3,No,3,1,98,Yes
2701,6.55,143,7,97,3,Yes,5,2,78,Yes
774,6.83,135,6,78,5,No,2,5,72,No
4787,6.53,101,8,49,5,Yes,1,2,69,No
791,7.9,125,4,93,7,No,3,3,84,Yes
2916,7.89,87,6,70,4,No,5,2,83,Yes
4266,8.53,139,4,68,8,Yes,2,0,86,Yes
3350,9.78,97,8,55,7,No,2,0,85,Yes
2122,6.29,132,7,41,10,No,6,5,95,No
1554,5.05,115,3,59,9,Yes,4,1,66,No
3135,5.09,92,8,50,8,No,4,3,76,No
4847,9.51,113,8,43,10,Yes,5,3,79,Yes
2879,7.12,117,8,94,3,Yes,1,0,76,Yes
1820,7.21,143,9,74,4,No,4,3,92,Yes
2811,8.92,132,9,63,4,No,1,2,85,Yes
592,6.82,88,9,93,10,Yes,3,1,67,Yes
4904,6.33,123,6,66,3,No,5,4,72,No
1045,6.99,80,6,41,5,Yes,1,2,78,No
4041,6.22,111,9,82,8,Yes,4,4,79,Yes
4749,8.5,128,3,45,7,Yes,2,1,77,Yes
245,8.11,119,7,63,10,No,3,0,90,Yes
1388,9.58,121,8,99,5,No,1,2,70,Yes
2023,5.06,82,9,76,8,No,6,4,63,No
60,8.18,90,9,48,9,Yes,2,3,80,Yes
177,5.2,125,9,57,2,Yes,5,3,83,No
450,6.35,136,9,65,2,No,4,1,68,Yes
4082,7.83,102,7,76,8,Yes,1,1,99,Yes
56,6.96,139,9,43,5,No,3,4,61,Yes
3458,5.14,109,3,94,3,Yes,3,5,68,No
1769,6.73,130,4,92,2,Yes,5,3,64,No
1738,6.25,90,5,78,10,No,3,4,64,No
3241,9.06,128,8,82,5,No,1,3,84,Yes
4738,9.31,86,9,52,3,No,0,2,73,Yes
